,umap1,umap2
TCGA-02-0003,4.68853,12.805598
TCGA-02-0033,5.129822,12.315079
TCGA-02-0047,-0.91870415,13.015804
TCGA-02-0055,5.8460884,11.231685
TCGA-02-2470,3.891931,13.087134
TCGA-02-2483,1.2311093,11.9515915
TCGA-02-2485,8.160977,11.457415
TCGA-02-2486,5.3438077,13.4930725
TCGA-06-0119,8.162797,9.907964
TCGA-06-0122,8.106434,9.38355
TCGA-06-0124,6.9017234,11.953613
TCGA-06-0125,8.138109,9.76995
TCGA-06-0126,8.084673,9.593026
TCGA-06-0128,3.8604903,12.715819
TCGA-06-0129,4.0872345,11.8933115
TCGA-06-0130,5.3966966,11.686945
TCGA-06-0132,4.023859,13.075869
TCGA-06-0137,7.987964,9.606591
TCGA-06-0139,4.40712,13.370371
TCGA-06-0140,5.503163,13.356867
TCGA-06-0141,4.9639406,11.433265
TCGA-06-0142,-0.78289646,12.374717
TCGA-06-0145,8.161096,11.942953
TCGA-06-0151,7.5964613,9.808817
TCGA-06-0152,6.011801,10.988412
TCGA-06-0154,6.7019567,9.553765
TCGA-06-0155,8.22815,11.683536
TCGA-06-0157,8.080667,9.767346
TCGA-06-0158,8.290858,9.26971
TCGA-06-0165,-0.6604615,13.1068945
TCGA-06-0166,5.4044623,11.7303
TCGA-06-0168,6.0732703,11.041989
TCGA-06-0169,5.7142353,9.84676
TCGA-06-0171,5.5530643,10.141007
TCGA-06-0173,7.6675773,9.3999195
TCGA-06-0174,7.552201,11.346543
TCGA-06-0184,5.262364,12.193676
TCGA-06-0185,8.282017,9.29468
TCGA-06-0187,4.7372212,12.84094
TCGA-06-0188,5.843589,12.057708
TCGA-06-0189,5.609097,10.230113
TCGA-06-0190,7.793553,11.268322
TCGA-06-0192,6.882473,10.843963
TCGA-06-0195,6.1565433,10.951442
TCGA-06-0209,7.372857,10.306122
TCGA-06-0210,4.037434,13.047601
TCGA-06-0211,7.808458,9.861821
TCGA-06-0213,4.937152,13.266995
TCGA-06-0214,4.6079783,11.783544
TCGA-06-0216,6.6634364,10.766648
TCGA-06-0219,4.1933103,11.510761
TCGA-06-0221,3.7347946,11.573894
TCGA-06-0237,6.1220994,11.090617
TCGA-06-0238,5.803894,12.851752
TCGA-06-0240,-1.0659142,13.193645
TCGA-06-0241,4.460998,12.270362
TCGA-06-0644,5.2753906,11.829149
TCGA-06-0645,7.7775307,10.931949
TCGA-06-0646,4.691369,12.297233
TCGA-06-0648,5.4063287,12.769178
TCGA-06-0649,5.406627,11.641539
TCGA-06-0650,8.204133,11.802204
TCGA-06-0686,5.7706585,12.6936455
TCGA-06-0743,7.538569,9.680648
TCGA-06-0744,8.039788,11.662786
TCGA-06-0745,5.2428193,10.199718
TCGA-06-0747,6.3452477,9.581685
TCGA-06-0749,4.797529,13.509757
TCGA-06-0750,4.550991,11.912449
TCGA-06-0875,4.916914,12.125345
TCGA-06-0876,4.5127435,12.41848
TCGA-06-0877,7.5813184,9.771145
TCGA-06-0878,4.455711,11.865993
TCGA-06-0879,8.207177,10.252114
TCGA-06-0881,4.708996,13.504064
TCGA-06-0882,5.4163914,10.102543
TCGA-06-0939,5.469509,13.318473
TCGA-06-1804,5.3908997,13.421167
TCGA-06-1806,7.946355,9.76772
TCGA-06-2557,7.359229,10.23986
TCGA-06-2558,5.3517413,12.991222
TCGA-06-2559,5.117309,13.509059
TCGA-06-2561,4.9478273,11.486025
TCGA-06-2562,5.5452204,9.9085655
TCGA-06-2563,8.1832905,9.671717
TCGA-06-2564,5.0344253,13.413763
TCGA-06-2565,7.994299,9.244955
TCGA-06-2567,5.4763603,13.465015
TCGA-06-2569,0.06824275,12.689812
TCGA-06-2570,-0.7118666,12.665928
TCGA-06-5408,5.2694497,12.255182
TCGA-06-5410,5.0559835,11.935804
TCGA-06-5411,4.3275466,12.29521
TCGA-06-5412,4.109895,13.094714
TCGA-06-5413,5.262262,13.046264
TCGA-06-5414,8.032155,9.789278
TCGA-06-5415,7.810742,9.666677
TCGA-06-5416,-1.372721,12.32239
TCGA-06-5418,5.347575,13.520279
TCGA-06-5856,5.9134827,11.551595
TCGA-06-5858,0.43831083,14.263209
TCGA-06-5859,4.4900246,11.871196
TCGA-06-6388,8.134104,9.812434
TCGA-06-6389,0.62645143,11.954263
TCGA-06-6390,4.9939923,11.125486
TCGA-06-6391,0.0673203,13.848333
TCGA-06-6693,4.670631,13.603621
TCGA-06-6694,5.898587,12.562297
TCGA-06-6695,7.98149,9.560128
TCGA-06-6697,5.190184,10.300003
TCGA-06-6698,6.2193866,10.842247
TCGA-06-6699,7.884822,11.938113
TCGA-06-6700,4.9010673,13.653034
TCGA-06-6701,-0.7955504,13.561566
TCGA-06-A5U0,0.04524446,12.664925
TCGA-06-A5U1,5.031616,10.540192
TCGA-06-A6S0,7.784158,11.523259
TCGA-06-A6S1,4.5213203,11.7367735
TCGA-06-A7TK,6.028588,12.460307
TCGA-06-A7TL,1.1446174,12.122652
TCGA-08-0386,6.166745,10.914418
TCGA-12-0615,4.6613326,12.323326
TCGA-12-0616,4.779706,11.861718
TCGA-12-0618,5.143514,12.895171
TCGA-12-0619,6.3555098,11.218629
TCGA-12-0688,8.003935,9.702845
TCGA-12-0692,5.0297937,11.259976
TCGA-12-0821,4.296563,12.423237
TCGA-12-3649,8.132161,9.5225525
TCGA-12-3650,8.251582,11.761352
TCGA-12-3652,8.058946,9.258489
TCGA-12-3653,6.597857,10.811807
TCGA-12-5295,4.227583,11.592207
TCGA-12-5299,4.8683085,12.993422
TCGA-12-5301,4.853733,13.545892
TCGA-14-0736,4.8801455,11.438574
TCGA-14-0740,1.2628646,12.216724
TCGA-14-0781,4.9043355,13.435627
TCGA-14-0786,6.0311055,9.704601
TCGA-14-0787,5.8179736,9.733857
TCGA-14-0789,8.070348,11.657581
TCGA-14-0790,7.862129,9.744674
TCGA-14-0813,5.788068,11.369049
TCGA-14-0817,6.529005,11.178627
TCGA-14-0862,4.1807804,11.622912
TCGA-14-0871,6.3069377,10.798291
TCGA-14-1034,8.165943,11.886544
TCGA-14-1043,5.7143087,9.85264
TCGA-14-1395,5.760116,9.836644
TCGA-14-1450,8.044747,11.876274
TCGA-14-1456,-0.42378113,13.764112
TCGA-14-1823,6.7073917,10.789318
TCGA-14-1825,5.3677773,12.56972
TCGA-14-1829,8.294272,11.657629
TCGA-14-2554,7.724571,9.851946
TCGA-14-4157,4.39432,12.249205
TCGA-15-0742,5.501686,10.140195
TCGA-16-0846,7.638529,10.166827
TCGA-16-0848,8.052989,11.489159
TCGA-16-0861,4.5911183,11.963183
TCGA-16-1045,5.6682153,12.3323965
TCGA-16-1048,6.163145,9.685496
TCGA-19-1390,0.5306349,11.162052
TCGA-19-1787,0.47522268,14.268846
TCGA-19-2619,4.722645,13.143958
TCGA-19-2620,8.15163,12.048604
TCGA-19-2623,5.0387797,12.259099
TCGA-19-2624,4.99709,13.420742
TCGA-19-2625,5.748995,11.197962
TCGA-19-2629,5.1871915,12.410509
TCGA-19-2631,5.424523,10.03691
TCGA-19-4065,5.521871,11.909313
TCGA-19-5947,5.0978556,11.598352
TCGA-19-5950,8.095749,9.705493
TCGA-19-5951,7.8204446,9.3979435
TCGA-19-5952,4.704045,12.822048
TCGA-19-5953,7.914204,11.5473
TCGA-19-5954,5.622337,9.956724
TCGA-19-5955,7.754766,11.558184
TCGA-19-5956,4.3246384,11.439129
TCGA-19-5958,6.1851344,9.718547
TCGA-19-5959,7.6543045,10.293282
TCGA-19-5960,5.2418733,11.526772
TCGA-19-A60I,5.642402,13.395673
TCGA-19-A6J4,4.918472,11.437708
TCGA-19-A6J5,5.0049887,13.062699
TCGA-26-1439,5.722052,12.264748
TCGA-26-1442,0.008743423,13.449723
TCGA-26-5132,5.514236,13.325592
TCGA-26-5133,1.5788441,12.496025
TCGA-26-5134,3.9119368,11.882985
TCGA-26-5135,4.8957434,13.477636
TCGA-26-5136,5.461782,13.3287735
TCGA-26-5139,8.005757,11.954451
TCGA-26-6173,5.876699,10.985778
TCGA-26-6174,5.055692,12.936419
TCGA-26-A7UX,4.951894,13.301493
TCGA-27-1830,5.8000464,12.579233
TCGA-27-1831,4.902702,13.340954
TCGA-27-1832,5.093942,11.475493
TCGA-27-1833,7.9781933,9.431938
TCGA-27-1834,5.3172,12.505468
TCGA-27-1835,5.32424,9.970628
TCGA-27-1836,-0.25264123,12.614775
TCGA-27-1837,4.6193304,13.609957
TCGA-27-1838,5.0496264,13.386561
TCGA-27-2518,8.272254,11.628237
TCGA-27-2519,5.1397114,10.511908
TCGA-27-2521,6.9744983,9.846628
TCGA-27-2523,5.8057756,9.8483715
TCGA-27-2524,7.7554517,11.535025
TCGA-27-2526,5.802147,9.757789
TCGA-27-2527,4.205697,11.731565
TCGA-27-2528,7.895423,9.442683
TCGA-28-1747,4.6232243,13.363043
TCGA-28-1753,8.127588,11.714338
TCGA-28-2501,8.126868,11.808414
TCGA-28-2502,7.8639445,11.911102
TCGA-28-2509,5.9379992,11.534481
TCGA-28-2510,4.8620105,12.4352455
TCGA-28-2513,8.0354185,9.417966
TCGA-28-2514,5.137177,11.647832
TCGA-28-5204,4.736153,12.966102
TCGA-28-5207,4.6295156,12.176627
TCGA-28-5208,8.241244,11.939868
TCGA-28-5209,8.170642,11.681696
TCGA-28-5211,4.8318186,13.482849
TCGA-28-5213,4.6301656,11.895616
TCGA-28-5214,8.070956,9.917441
TCGA-28-5215,5.6413374,12.4210615
TCGA-28-5216,7.323781,11.308873
TCGA-28-5218,7.4013195,9.862883
TCGA-28-5219,5.429993,12.567011
TCGA-28-5220,4.924941,11.54598
TCGA-28-6450,8.001516,9.688998
TCGA-32-1970,6.4198756,11.512805
TCGA-32-1977,8.067896,9.446027
TCGA-32-1979,7.659477,9.846767
TCGA-32-1980,5.0518956,11.227552
TCGA-32-1982,8.236756,11.861311
TCGA-32-1986,5.5594206,13.213881
TCGA-32-1991,4.8931594,13.1785145
TCGA-32-2491,5.7419395,10.269409
TCGA-32-2494,4.8335247,13.513557
TCGA-32-2495,8.254301,9.412816
TCGA-32-2615,4.8222547,10.666241
TCGA-32-2616,4.5042906,12.93225
TCGA-32-2632,7.781892,10.062799
TCGA-32-2634,4.471088,10.990239
TCGA-32-2638,7.9705215,9.535173
TCGA-32-4208,-0.41324955,11.706373
TCGA-32-4210,6.090557,11.411847
TCGA-32-4211,6.4316373,12.090197
TCGA-32-4213,3.9471612,13.023651
TCGA-32-4719,5.7479916,12.455302
TCGA-32-5222,7.375956,10.139412
TCGA-41-2571,5.8682876,10.048623
TCGA-41-2572,7.929343,9.494889
TCGA-41-2573,5.1898127,12.76958
TCGA-41-2575,5.2357545,10.227419
TCGA-41-3392,4.5904245,12.179911
TCGA-41-3393,8.157658,9.516316
TCGA-41-3915,7.4103537,11.433103
TCGA-41-4097,5.041582,11.548654
TCGA-41-5651,6.333612,10.45827
TCGA-41-6646,5.4630456,10.081421
TCGA-4W-AA9R,7.8542156,11.579
TCGA-4W-AA9S,8.115357,9.883391
TCGA-4W-AA9T,8.123204,11.644044
TCGA-74-6573,5.181039,12.101869
TCGA-74-6575,5.330202,9.965012
TCGA-74-6577,4.8452315,13.344649
TCGA-74-6578,7.741665,11.19193
TCGA-74-6581,5.475535,9.951379
TCGA-74-6584,6.2848086,11.324964
TCGA-76-4925,5.541232,9.9935
TCGA-76-4926,5.3385587,13.226193
TCGA-76-4928,4.6096644,11.84098
TCGA-76-4929,5.044366,10.619938
TCGA-76-4931,4.83221,13.118377
TCGA-76-4934,6.303792,11.31193
TCGA-76-4935,5.1845884,12.8993435
TCGA-76-6191,4.980277,12.731891
TCGA-76-6192,4.733377,13.24306
TCGA-76-6193,3.6561804,12.235127
TCGA-76-6280,8.199512,9.414108
TCGA-76-6282,4.6643543,11.999001
TCGA-76-6283,6.1095533,10.942083
TCGA-76-6285,4.927407,12.366226
TCGA-76-6286,5.8053355,12.668531
TCGA-76-6656,8.13285,9.3798685
TCGA-76-6657,5.6071653,9.952273
TCGA-76-6660,4.863157,12.816207
TCGA-76-6661,7.78981,10.206016
TCGA-76-6662,4.9862723,13.412999
TCGA-76-6663,8.099762,11.795288
TCGA-76-6664,6.1155105,9.728265
TCGA-81-5910,5.3130236,13.200817
TCGA-81-5911,8.199171,11.796782
TCGA-87-5896,8.073601,11.9639225
TCGA-CS-4938,0.03822033,13.254618
TCGA-CS-4941,5.955639,11.324888
TCGA-CS-4942,0.51079386,14.240281
TCGA-CS-4943,-0.48671144,11.994186
TCGA-CS-4944,-0.84995896,11.866353
TCGA-CS-5390,-3.3876007,7.896876
TCGA-CS-5393,-0.7284147,12.850951
TCGA-CS-5394,-3.2921011,7.911607
TCGA-CS-5395,7.882784,9.524915
TCGA-CS-5396,-1.7281764,7.032833
TCGA-CS-5397,8.328267,9.269437
TCGA-CS-6186,8.1174,9.714956
TCGA-CS-6188,7.190522,9.56238
TCGA-CS-6290,-1.0012213,13.429278
TCGA-CS-6665,6.032176,11.05117
TCGA-CS-6666,-0.15406585,12.360868
TCGA-CS-6667,-0.90595883,12.981945
TCGA-CS-6668,-3.4723673,6.5759964
TCGA-CS-6670,-2.5584817,7.0819755
TCGA-DB-5270,0.20460425,14.20194
TCGA-DB-5273,-0.97104007,13.030114
TCGA-DB-5274,-0.8057823,7.37764
TCGA-DB-5275,-1.1326976,8.5422735
TCGA-DB-5276,0.5354607,12.757739
TCGA-DB-5277,1.1445503,12.624288
TCGA-DB-5278,-3.678671,6.7768393
TCGA-DB-5279,-0.97569543,7.4858937
TCGA-DB-5280,-0.8895268,12.627113
TCGA-DB-5281,0.254594,12.889957
TCGA-DB-A4X9,0.52709633,13.622087
TCGA-DB-A4XA,-0.8972559,7.540735
TCGA-DB-A4XB,-0.07405477,12.890023
TCGA-DB-A4XC,-0.74832827,13.24501
TCGA-DB-A4XD,-0.36312237,13.701618
TCGA-DB-A4XE,0.20141983,14.256156
TCGA-DB-A4XF,-0.8352737,12.474381
TCGA-DB-A4XG,-2.9308212,7.6126385
TCGA-DB-A4XH,-1.0818492,7.4888773
TCGA-DB-A64L,-2.0391996,7.0792117
TCGA-DB-A64O,5.0052586,11.415202
TCGA-DB-A64P,-3.7623649,6.775181
TCGA-DB-A64Q,-3.1000493,7.984013
TCGA-DB-A64R,-3.4700193,6.5582705
TCGA-DB-A64S,-0.15869655,13.663086
TCGA-DB-A64U,-3.5972817,7.398878
TCGA-DB-A64V,-3.3699145,7.7469616
TCGA-DB-A64W,-0.76966965,8.077472
TCGA-DB-A64X,0.4473363,12.844394
TCGA-DB-A75K,-3.3486712,7.591333
TCGA-DB-A75L,-2.2926927,7.0050035
TCGA-DB-A75M,-0.57746243,12.555695
TCGA-DB-A75O,-0.2651639,13.138901
TCGA-DH-5141,-3.4160655,7.786618
TCGA-DH-5142,0.4637521,11.228588
TCGA-DH-5143,-0.35186934,12.915266
TCGA-DH-5144,-2.0571032,6.9073696
TCGA-DH-A669,-1.2280608,6.9643793
TCGA-DH-A66B,0.67360663,11.831786
TCGA-DH-A66D,0.7680681,12.857038
TCGA-DH-A66F,-2.6200356,8.145518
TCGA-DH-A66G,0.66821706,12.765212
TCGA-DH-A7UR,-3.4733145,7.5896854
TCGA-DH-A7US,-3.446562,7.6841207
TCGA-DH-A7UT,0.17917883,14.169312
TCGA-DH-A7UU,1.0047349,12.74154
TCGA-DH-A7UV,0.061891466,14.055887
TCGA-DU-5847,4.3083124,11.442485
TCGA-DU-5849,-2.8260174,6.9852557
TCGA-DU-5851,-0.40967092,11.982309
TCGA-DU-5852,4.7368555,10.602333
TCGA-DU-5853,0.5207614,12.127455
TCGA-DU-5854,7.704394,9.595023
TCGA-DU-5855,-0.8997259,11.68119
TCGA-DU-5870,-2.8081305,7.8152466
TCGA-DU-5871,0.26160473,12.433867
TCGA-DU-5872,-0.7514186,11.876343
TCGA-DU-5874,-3.372889,6.5251946
TCGA-DU-6393,-1.9482483,7.077991
TCGA-DU-6394,-3.415487,7.0157633
TCGA-DU-6395,0.40222695,14.318299
TCGA-DU-6396,-0.4514565,12.344088
TCGA-DU-6397,-2.2891665,7.0751743
TCGA-DU-6399,1.8110284,12.583471
TCGA-DU-6400,-1.5154761,7.036507
TCGA-DU-6401,0.6078471,12.138485
TCGA-DU-6402,7.7933726,12.074997
TCGA-DU-6403,4.5912266,12.824515
TCGA-DU-6405,4.63343,13.149856
TCGA-DU-6406,7.9324102,9.5618105
TCGA-DU-6407,0.3886109,14.4499655
TCGA-DU-6408,1.0591815,12.543598
TCGA-DU-6410,-0.6406705,7.7905855
TCGA-DU-6542,-0.8477522,11.669765
TCGA-DU-7006,5.6837945,12.802557
TCGA-DU-7007,1.3283634,12.242203
TCGA-DU-7008,1.0310391,12.007424
TCGA-DU-7009,-2.8517392,7.3053184
TCGA-DU-7010,1.5865948,12.332555
TCGA-DU-7011,0.4022231,14.178327
TCGA-DU-7012,4.5919013,11.850412
TCGA-DU-7013,5.055622,13.335683
TCGA-DU-7015,-0.7662605,13.176487
TCGA-DU-7018,-1.6868818,7.049556
TCGA-DU-7019,-0.78931916,12.90397
TCGA-DU-7290,5.6187115,11.090996
TCGA-DU-7292,4.4158564,13.273219
TCGA-DU-7294,-0.7129902,8.0523615
TCGA-DU-7298,-0.7889193,11.684101
TCGA-DU-7299,-0.9403395,13.07681
TCGA-DU-7300,-2.9405155,7.669177
TCGA-DU-7301,1.4562947,12.812319
TCGA-DU-7302,-1.2929481,8.087684
TCGA-DU-7304,-0.59868777,13.282421
TCGA-DU-7306,-0.32495683,13.603229
TCGA-DU-7309,0.20253862,13.142803
TCGA-DU-8158,5.394226,11.798076
TCGA-DU-8161,5.159519,11.721144
TCGA-DU-8162,-0.4445719,12.840371
TCGA-DU-8163,0.4037829,14.4038315
TCGA-DU-8164,-3.6750405,6.882321
TCGA-DU-8165,6.5759525,10.920077
TCGA-DU-8166,0.46377936,14.119221
TCGA-DU-8167,0.40560398,11.753767
TCGA-DU-8168,-0.9145807,8.17946
TCGA-DU-A5TP,-1.1347709,12.916095
TCGA-DU-A5TR,0.23275298,14.180984
TCGA-DU-A5TS,-0.51843524,12.698329
TCGA-DU-A5TT,6.446381,10.5599
TCGA-DU-A5TU,0.58567613,13.981287
TCGA-DU-A5TW,0.55835503,13.863959
TCGA-DU-A5TY,5.6802974,9.940982
TCGA-DU-A6S2,-3.3332639,7.2729597
TCGA-DU-A6S3,-0.9028861,7.528144
TCGA-DU-A6S6,-3.3067372,6.6283917
TCGA-DU-A6S7,0.3578361,13.370895
TCGA-DU-A6S8,-1.781183,7.1530375
TCGA-DU-A76K,8.240462,9.619055
TCGA-DU-A76L,5.2249665,10.285678
TCGA-DU-A76O,-0.18825893,13.45129
TCGA-DU-A76R,-0.88588214,7.4757066
TCGA-DU-A7T6,-1.8217707,7.8814554
TCGA-DU-A7T8,-0.22019702,11.066852
TCGA-DU-A7TA,0.0041061053,14.392119
TCGA-DU-A7TC,-0.95669824,11.741976
TCGA-DU-A7TD,4.0452185,13.01206
TCGA-DU-A7TJ,8.067159,11.615202
TCGA-E1-5302,0.9430512,12.339796
TCGA-E1-5303,-0.9100815,13.543675
TCGA-E1-5304,6.770494,10.61264
TCGA-E1-5305,-0.6924577,11.669896
TCGA-E1-5307,-1.0051007,12.590895
TCGA-E1-5311,-0.8359965,7.4365797
TCGA-E1-5318,-3.4123554,7.088512
TCGA-E1-5319,-3.2345893,7.4898787
TCGA-E1-5322,-0.773712,11.150548
TCGA-E1-A7YD,5.950651,11.264368
TCGA-E1-A7YE,1.3102267,12.722193
TCGA-E1-A7YH,0.13180359,11.954838
TCGA-E1-A7YI,0.6148301,12.958726
TCGA-E1-A7YJ,8.0337925,9.570973
TCGA-E1-A7YK,0.9434586,12.146034
TCGA-E1-A7YL,7.6619334,10.235461
TCGA-E1-A7YM,4.413336,11.999863
TCGA-E1-A7YN,4.0337048,13.026431
TCGA-E1-A7YO,-3.2949762,7.120569
TCGA-E1-A7YQ,6.70202,10.719672
TCGA-E1-A7YS,-1.0294806,7.438433
TCGA-E1-A7YU,-0.98344266,13.09739
TCGA-E1-A7YV,1.1613567,12.153204
TCGA-E1-A7YW,-0.8635123,13.668314
TCGA-E1-A7Z2,4.819387,10.781528
TCGA-E1-A7Z3,0.006055073,13.589644
TCGA-E1-A7Z4,1.0089884,12.169869
TCGA-E1-A7Z6,-0.11535293,13.332622
TCGA-EZ-7264,-1.3860792,7.879126
TCGA-F6-A8O3,-0.86875856,8.1584015
TCGA-F6-A8O4,-0.21178204,13.454601
TCGA-FG-5962,-1.6648877,6.9291525
TCGA-FG-5964,-0.8433981,8.48635
TCGA-FG-5965,0.15128048,13.584533
TCGA-FG-6688,4.9484982,13.141818
TCGA-FG-6689,0.728178,11.9914665
TCGA-FG-6690,0.076016515,13.507797
TCGA-FG-6691,0.17015472,14.334657
TCGA-FG-6692,7.94087,11.960521
TCGA-FG-7634,-1.7947533,6.9387217
TCGA-FG-7636,-0.8442673,7.432158
TCGA-FG-7638,-0.8207929,8.038646
TCGA-FG-7641,-2.327855,8.285196
TCGA-FG-7643,8.190353,11.794878
TCGA-FG-8182,-0.013680677,13.542545
TCGA-FG-8185,-3.4005094,7.8927655
TCGA-FG-8186,-3.176649,6.716459
TCGA-FG-8187,-3.7268422,6.8773713
TCGA-FG-8188,-3.412441,6.4754906
TCGA-FG-8191,0.27312523,11.968264
TCGA-FG-A4MT,-0.9120992,11.621277
TCGA-FG-A4MU,7.967809,9.64345
TCGA-FG-A4MW,7.5277843,11.426144
TCGA-FG-A4MX,-0.29419443,11.995383
TCGA-FG-A4MY,-0.3441223,12.190523
TCGA-FG-A60J,-0.62796175,12.92435
TCGA-FG-A60K,-3.4269454,7.755196
TCGA-FG-A60L,0.19674991,13.248852
TCGA-FG-A6IZ,-0.9549513,8.319803
TCGA-FG-A6J1,-0.9268047,8.059713
TCGA-FG-A6J3,-0.44448015,11.523251
TCGA-FG-A70Y,-0.78364676,13.548559
TCGA-FG-A70Z,5.0582714,13.044041
TCGA-FG-A710,-3.5357249,6.9854484
TCGA-FG-A711,0.24496801,13.456128
TCGA-FG-A713,-3.3978624,7.7014694
TCGA-FG-A87N,-0.44191545,12.881232
TCGA-FG-A87Q,7.6258264,12.173868
TCGA-FN-7833,-0.8102755,12.5230665
TCGA-HT-7467,-0.7668225,8.038575
TCGA-HT-7468,-0.7864951,7.3670173
TCGA-HT-7470,0.57539254,12.041101
TCGA-HT-7471,-0.99068016,8.234425
TCGA-HT-7472,-0.5276863,12.820834
TCGA-HT-7473,0.3752232,14.246366
TCGA-HT-7474,0.3853028,12.112434
TCGA-HT-7475,-0.30868486,12.209612
TCGA-HT-7476,-0.8641657,13.725308
TCGA-HT-7477,5.8697133,12.238923
TCGA-HT-7478,0.5708176,12.016863
TCGA-HT-7479,-0.6815661,13.55152
TCGA-HT-7480,-0.89121884,7.510029
TCGA-HT-7481,-3.1691456,7.922466
TCGA-HT-7482,-0.80402887,13.715724
TCGA-HT-7483,-0.46358207,12.890599
TCGA-HT-7485,-0.732255,12.758576
TCGA-HT-7601,-0.29027718,12.717268
TCGA-HT-7602,-3.415729,8.07351
TCGA-HT-7603,-0.83697444,13.037647
TCGA-HT-7604,-0.29066062,13.879709
TCGA-HT-7605,-2.4054892,8.267317
TCGA-HT-7606,-0.8382337,11.4428625
TCGA-HT-7607,-2.3643177,7.174872
TCGA-HT-7608,-3.5856564,6.719399
TCGA-HT-7609,-0.47892916,13.189087
TCGA-HT-7610,-0.2090687,14.044546
TCGA-HT-7611,-0.16948578,12.658952
TCGA-HT-7616,-2.1396189,7.822033
TCGA-HT-7620,-3.543738,7.5643315
TCGA-HT-7676,-0.90442765,13.383216
TCGA-HT-7677,-0.70907384,8.021576
TCGA-HT-7681,-3.1908467,7.762326
TCGA-HT-7684,0.2854285,13.027829
TCGA-HT-7686,0.7381466,12.267207
TCGA-HT-7687,-3.4824839,6.671562
TCGA-HT-7688,0.1959478,11.766053
TCGA-HT-7689,-0.6824326,11.72371
TCGA-HT-7690,0.68355656,11.901056
TCGA-HT-7692,-1.0412105,8.213642
TCGA-HT-7693,0.43619084,13.411606
TCGA-HT-7694,-3.2594151,7.8520226
TCGA-HT-7695,-3.228355,7.507976
TCGA-HT-7854,-0.52498704,12.899081
TCGA-HT-7855,-0.0051365728,12.437636
TCGA-HT-7856,-1.2779149,8.406402
TCGA-HT-7858,-0.7205909,13.038394
TCGA-HT-7860,8.090191,9.685872
TCGA-HT-7873,-0.59172577,12.899886
TCGA-HT-7874,-3.3826458,7.6007037
TCGA-HT-7875,-3.720441,6.8304176
TCGA-HT-7877,-3.4650762,7.4854403
TCGA-HT-7879,0.41963825,12.75404
TCGA-HT-7880,-0.27775684,13.423946
TCGA-HT-7881,-3.3592389,7.6876264
TCGA-HT-7882,8.087695,9.80552
TCGA-HT-7884,0.72007483,12.365379
TCGA-HT-7902,1.2542709,12.272046
TCGA-HT-8010,-3.1625674,7.405143
TCGA-HT-8011,5.159841,13.406503
TCGA-HT-8012,-2.169598,7.8037963
TCGA-HT-8013,0.15254033,14.3080845
TCGA-HT-8018,0.92197347,12.1329775
TCGA-HT-8104,8.155072,9.541589
TCGA-HT-8105,-0.87189144,8.108234
TCGA-HT-8106,0.7801029,12.4089155
TCGA-HT-8108,0.47919425,12.422174
TCGA-HT-8109,-1.9364806,7.0377946
TCGA-HT-8110,4.5015397,12.126584
TCGA-HT-8111,-0.85849035,13.633945
TCGA-HT-8114,-0.5579033,13.285334
TCGA-HT-8563,-0.22378759,12.022133
TCGA-HT-8564,5.547709,11.959221
TCGA-HT-A4DS,6.2397065,11.295544
TCGA-HT-A4DV,-3.4209952,7.603685
TCGA-HT-A5R5,0.33667374,14.257429
TCGA-HT-A5R7,1.1476098,12.356569
TCGA-HT-A5R9,-0.6936573,7.8901844
TCGA-HT-A5RA,8.259669,11.77607
TCGA-HT-A5RB,-0.96030754,12.6023035
TCGA-HT-A5RC,6.546505,9.620922
TCGA-HT-A614,0.49719498,12.675554
TCGA-HT-A615,-3.4119787,7.4617443
TCGA-HT-A616,-0.06772923,13.751805
TCGA-HT-A617,5.0866137,11.547197
TCGA-HT-A618,1.1746457,12.220159
TCGA-HT-A619,-0.83516806,7.5227895
TCGA-HT-A61B,0.5017039,11.297942
TCGA-HT-A61C,4.483727,12.408366
TCGA-HT-A74H,5.638666,9.920861
TCGA-HT-A74J,0.26848724,14.317124
TCGA-HT-A74K,-1.468602,7.088023
TCGA-HT-A74L,-2.8451004,7.380914
TCGA-HT-A74O,-0.20467307,13.677599
TCGA-HW-7486,-3.4238193,7.502789
TCGA-HW-7487,-0.760508,8.033756
TCGA-HW-7489,-0.66655666,12.979548
TCGA-HW-7490,0.06793192,13.085747
TCGA-HW-7491,-0.9216586,8.332599
TCGA-HW-7495,-2.8855581,6.9767103
TCGA-HW-8319,0.23026463,13.08183
TCGA-HW-8320,-0.41759843,12.972545
TCGA-HW-8321,-0.57304496,13.016273
TCGA-HW-8322,-3.255699,6.697287
TCGA-HW-A5KJ,-2.738357,6.99771
TCGA-HW-A5KK,4.7150035,10.80577
TCGA-HW-A5KL,-0.21339202,12.972351
TCGA-HW-A5KM,-0.5076285,13.303564
TCGA-IK-7675,0.7817796,12.697907
TCGA-IK-8125,-1.0852877,7.9819007
TCGA-KT-A74X,-1.6488862,8.381955
TCGA-KT-A7W1,8.08107,11.720612
TCGA-OX-A56R,5.0603027,11.399873
TCGA-P5-A5ET,-3.644994,6.904903
TCGA-P5-A5EU,-0.71367514,11.624753
TCGA-P5-A5EV,-0.62055796,11.901357
TCGA-P5-A5EW,0.36733162,11.994604
TCGA-P5-A5EX,-3.0858724,7.4909306
TCGA-P5-A5EZ,3.6431298,12.262179
TCGA-P5-A5F0,-2.625071,7.0059257
TCGA-P5-A5F1,-0.232656,13.502772
TCGA-P5-A5F2,-0.8792401,11.611132
TCGA-P5-A5F4,0.12423163,11.941075
TCGA-P5-A72U,8.128747,11.978125
TCGA-P5-A72W,0.4619963,11.884525
TCGA-P5-A72X,0.6274766,12.11499
TCGA-P5-A72Z,-2.8723762,7.3769994
TCGA-P5-A730,-3.4033017,6.9845304
TCGA-P5-A731,-0.28274342,14.018159
TCGA-P5-A733,-0.33151138,13.449455
TCGA-P5-A735,-0.32186753,13.10026
TCGA-P5-A736,0.3066216,13.900605
TCGA-P5-A737,-0.9363162,8.2601
TCGA-P5-A77W,-0.8307938,7.4830847
TCGA-P5-A77X,-2.931781,7.4539576
TCGA-P5-A780,-0.39685747,12.733013
TCGA-P5-A781,-3.356419,7.6148705
TCGA-QH-A65R,-3.0099807,7.497088
TCGA-QH-A65S,0.3761848,13.007507
TCGA-QH-A65V,-3.2573426,7.304244
TCGA-QH-A65X,-1.9336708,6.988948
TCGA-QH-A65Z,-2.3794694,8.180818
TCGA-QH-A6CS,5.1500816,11.495939
TCGA-QH-A6CU,-2.8053741,7.0818744
TCGA-QH-A6CV,7.389742,10.137735
TCGA-QH-A6CW,-1.0123135,13.34022
TCGA-QH-A6CX,5.087683,12.151921
TCGA-QH-A6CY,-2.3523986,8.289533
TCGA-QH-A6CZ,-2.0531557,7.0335393
TCGA-QH-A6X3,-0.26370355,13.370544
TCGA-QH-A6X4,-1.3025113,8.0351515
TCGA-QH-A6X5,-3.2772672,7.6419377
TCGA-QH-A6X8,-2.18086,7.8739233
TCGA-QH-A6X9,0.43362918,13.783182
TCGA-QH-A6XA,-0.23967326,13.197677
TCGA-QH-A6XC,7.9893365,9.71558
TCGA-QH-A86X,-3.6810288,6.948614
TCGA-QH-A870,-0.96702105,12.3615
TCGA-R8-A6MK,-3.1468108,7.7483115
TCGA-R8-A6ML,-3.4760988,6.615946
TCGA-R8-A6MO,-3.2544196,7.581768
TCGA-R8-A6YH,-0.6528956,12.527581
TCGA-R8-A73M,-3.4390674,6.549873
TCGA-RR-A6KA,7.8051963,9.553212
TCGA-RR-A6KB,4.1279445,12.975121
TCGA-RR-A6KC,8.026157,9.65309
TCGA-RY-A83X,-2.3081145,7.6503606
TCGA-RY-A83Y,-3.1710458,7.6262703
TCGA-RY-A83Z,1.4235421,12.440782
TCGA-RY-A840,-3.00039,7.8526187
TCGA-RY-A843,-0.53026444,12.906622
TCGA-RY-A845,0.42627683,14.017205
TCGA-RY-A847,-2.4655976,8.175865
TCGA-S9-A6TS,4.015942,11.269128
TCGA-S9-A6TU,-0.6251902,13.048276
TCGA-S9-A6TV,0.45863593,12.094087
TCGA-S9-A6TW,-1.6536222,7.0825014
TCGA-S9-A6TX,-2.8892546,7.55199
TCGA-S9-A6TY,-1.882663,6.7956924
TCGA-S9-A6TZ,-0.9214009,11.870243
TCGA-S9-A6U0,4.9999986,13.266452
TCGA-S9-A6U1,0.66605806,12.219856
TCGA-S9-A6U2,-2.174042,7.6118894
TCGA-S9-A6U5,-3.370776,7.6228704
TCGA-S9-A6U6,-0.76097655,12.554931
TCGA-S9-A6U8,-0.52986515,12.967183
TCGA-S9-A6U9,-0.91119915,12.695861
TCGA-S9-A6UB,-3.3043716,7.7264085
TCGA-S9-A6WD,-1.4288402,7.1507826
TCGA-S9-A6WE,-3.4924095,6.5731087
TCGA-S9-A6WG,-0.46199423,13.148382
TCGA-S9-A6WH,-1.7465396,7.0082464
TCGA-S9-A6WL,-0.7449274,8.111574
TCGA-S9-A6WM,6.5420055,11.199296
TCGA-S9-A6WN,-2.8587685,7.6038046
TCGA-S9-A6WO,-0.060480703,14.204267
TCGA-S9-A6WP,-1.2921973,8.15384
TCGA-S9-A6WQ,0.46595952,11.760191
TCGA-S9-A7IQ,-2.668509,7.0013742
TCGA-S9-A7IS,-0.5329212,12.846804
TCGA-S9-A7IX,4.3941226,11.647347
TCGA-S9-A7IY,-0.83775264,8.084772
TCGA-S9-A7IZ,0.560915,14.111143
TCGA-S9-A7J0,4.74144,12.90152
TCGA-S9-A7J1,-3.2429287,7.672965
TCGA-S9-A7J2,-3.2120628,7.8200912
TCGA-S9-A7J3,-2.43738,8.177681
TCGA-S9-A7QW,-0.18877402,14.015501
TCGA-S9-A7QX,0.45711723,12.053751
TCGA-S9-A7QY,-1.7119104,6.9830422
TCGA-S9-A7QZ,-2.2377398,7.654566
TCGA-S9-A7R1,-2.965414,7.105213
TCGA-S9-A7R2,4.473605,12.125095
TCGA-S9-A7R3,-0.85332835,12.546757
TCGA-S9-A7R4,0.64068747,12.150914
TCGA-S9-A7R7,0.71053314,12.12348
TCGA-S9-A7R8,-0.7806076,11.774931
TCGA-S9-A89Z,0.42483696,12.981657
TCGA-TM-A7C3,7.7247505,10.164144
TCGA-TM-A7C4,-0.049869977,13.316872
TCGA-TM-A7C5,-0.84537864,7.4477205
TCGA-TM-A7CA,0.28395617,14.109432
TCGA-TM-A7CF,-0.43786436,12.777434
TCGA-TM-A84B,5.6949277,13.179774
TCGA-TM-A84F,-0.504083,13.018061
TCGA-TM-A84G,-3.4572473,6.5621533
TCGA-TM-A84H,0.26457438,14.156093
TCGA-TM-A84I,1.5975977,12.279578
TCGA-TM-A84L,-0.6759395,13.156143
TCGA-TM-A84M,-2.6988,6.948262
TCGA-TM-A84O,-3.3068871,7.622796
TCGA-TM-A84Q,-1.0584307,11.422641
TCGA-TM-A84R,-1.3245518,8.395699
TCGA-TM-A84S,-2.368573,8.1903105
TCGA-TM-A84T,-0.40448254,13.06156
TCGA-TQ-A7RF,-0.9856646,11.805792
TCGA-TQ-A7RG,-3.4924304,7.509162
TCGA-TQ-A7RH,-0.118720986,14.29491
TCGA-TQ-A7RI,-2.636771,7.003745
TCGA-TQ-A7RJ,-0.30369216,13.507702
TCGA-TQ-A7RK,-0.76390195,13.056109
TCGA-TQ-A7RM,5.0221386,13.459712
TCGA-TQ-A7RN,-2.0058541,6.9925127
TCGA-TQ-A7RO,-0.8720625,7.4880347
TCGA-TQ-A7RP,8.16442,11.591591
TCGA-TQ-A7RQ,-3.13628,7.1309752
TCGA-TQ-A7RR,0.67725354,11.993791
TCGA-TQ-A7RS,-3.2755008,6.9684267
TCGA-TQ-A7RU,-0.8378374,8.08122
TCGA-TQ-A7RV,-0.91344035,13.379452
TCGA-TQ-A7RW,-0.81049323,11.458962
TCGA-TQ-A8XE,-0.8783865,11.625807
TCGA-VM-A8C8,-0.023926418,12.281369
TCGA-VM-A8CA,-1.7262834,6.9102526
TCGA-VM-A8CB,-2.894643,7.3680434
TCGA-VM-A8CE,-3.2214565,7.587878
TCGA-VM-A8CF,-0.33995125,12.277592
TCGA-VM-A8CH,-0.7954715,12.988439
TCGA-VV-A829,-2.9552279,7.6020837
TCGA-VV-A86M,-0.8137166,12.606872
TCGA-VW-A7QS,-2.9516907,7.104918
TCGA-VW-A8FI,4.982715,13.284728
TCGA-W9-A837,-2.4315252,7.7804155
TCGA-WH-A86K,0.7968573,12.331278
TCGA-WY-A858,-0.664683,11.947552
TCGA-WY-A859,0.7999715,12.071753
TCGA-WY-A85A,-0.3945081,12.883515
TCGA-WY-A85B,0.31373277,11.958431
TCGA-WY-A85C,-0.5442473,13.240878
TCGA-WY-A85D,-0.39700913,12.883612
TCGA-WY-A85E,0.19093269,14.0155735
