,10p,10q,11p,11q,12p,12q,13q,14q,15q,16p,16q,17p,17q,18p,18q,19p,19q,1p,1q,20p,20q,21p,21q,22q,2p,2q,3p,3q,4p,4q,5p,5q,6p,6q,7p,7q,8p,8q,9p,9q
GLSS-NS-0001-TP-01D-WGS-5A5UN4,-1.0,-1.0,0.0,0.0,0.0,0.0,-1.0,-1.0,0.0,0.0,0.0,-1.0,-1.0,0.0,0.0,0.0,0.0,0.0,0.0,0.0,0.0,0.6666666666666666,1.0,-1.0,0.0,0.0,0.0,0.0,0.0,0.0,0.0,0.0,0.0,0.0,1.0,1.0,0.0,0.0,0.029411764705882353,0.0
GLSS-HK-0005-TP-01D-WGS-9DKW7W,0.0,0.0,-0.9557692307692308,0.0,0.0,0.0,-1.0,-0.014302741358760428,-0.028402366863905324,0.0,0.0,-0.7334963325183375,0.0,0.4431818181818182,0.0,-0.002932551319648094,-1.0,0.0,0.0,0.0,0.0,-1.0,-1.0,-0.374113475177305,0.0,-0.04118268215417107,0.0,0.0,0.0,-0.15639810426540285,0.0,-0.6758938869665513,0.0,0.0,0.4973958333333333,0.825974025974026,1.0,1.0,0.0,0.0
GLSS-HK-0003-TP-01D-WGS-WAGBN9,-1.0,-1.0,0.0,0.0,0.0,0.0,-0.44655581947743467,0.0,-0.028402366863905324,0.0,0.0,-1.0,-1.0,0.0,0.0,0.15102639296187684,0.034079844206426485,0.0,0.0,-1.0,-1.0,0.0,0.0,-0.6276595744680851,0.0,0.0,0.0,-0.16005873715124816,0.0,0.0,0.0,0.0,0.0,0.0,1.0,1.0,-0.7327327327327328,0.0,0.0,0.0
GLSS-SF-0001-TP-01D-WXS-F99505,0.0,-0.2967032967032967,-0.19423076923076923,-0.04041450777202073,0.0,-0.4600231749710313,0.0,0.0,-1.0,0.0,0.0,0.0,0.0,0.11363636363636363,0.0,0.0,-0.9883154819863681,0.0,0.0,0.0,-0.19693654266958424,-1.0,-1.0,0.0,0.0,0.0,0.0,-0.7562408223201175,0.0,0.0,0.0,-0.0853517877739331,0.9090909090909091,-1.0,0.0,0.0,0.0,-0.2332695984703633,0.0,0.0
GLSS-SF-0002-TP-01D-WXS-EC52GX,0.0,0.0,0.0,0.0,0.0,0.0,0.0,0.0,0.0,0.0,0.0,0.0,0.0,0.2840909090909091,0.0,0.0,-0.7400194741966893,0.0,0.0,0.0,0.0,0.0,0.0,0.0,0.0,0.0,0.0,0.0,0.0,0.0,0.0,0.0,0.0,-0.41941747572815535,0.0,0.6818181818181818,0.0,0.0,0.0,0.0
GLSS-SF-0004-TP-01D-WXS-78O1ND,0.0,0.0,-0.38653846153846155,0.0,0.0,0.0,-0.39429928741092635,0.014302741358760428,0.0,0.0,0.0,0.0,0.0,0.0,0.0,0.0,0.0,0.0,0.0,0.0,0.0,0.0,0.0,0.0,0.0,0.0,0.0,0.0,0.0,0.0,0.0,0.0,0.0,0.0,0.0,0.0,0.0,-0.06309751434034416,-0.025735294117647058,0.0
GLSS-SF-0005-TP-01D-WXS-0TWD9H,1.0,-0.0260989010989011,-1.0,-0.00932642487046632,0.6775147928994083,0.0,0.0,0.014302741358760428,0.0,-0.03296703296703297,0.0,0.0,-0.0010152284263959391,0.0,-0.0392156862745098,0.7551319648093842,-1.0,-0.017446471054718478,0.025021570319240724,-0.29017857142857145,-0.10940919037199125,0.0,0.0,-0.950354609929078,0.0,-0.20591341077085534,0.0,0.0,0.28363636363636363,-0.4107424960505529,0.0,-0.6205305651672434,0.0,0.0,1.0,1.0,0.0,0.9961759082217974,-1.0,-0.12100139082058414
GLSS-SF-0006-TP-01D-WXS-DPZUQR,0.0,0.0,0.05576923076923077,0.0,0.0,-0.013904982618771726,0.0,-0.05959475566150179,0.0,-0.08608058608058608,-0.047058823529411764,0.0,0.007106598984771574,0.0,0.0,-0.5190615835777126,-0.9328140214216164,-0.9476605868358445,-0.01984469370146678,-0.3482142857142857,-0.0962800875273523,0.0,-0.04067796610169491,-0.20567375886524822,0.0,0.0,0.0,0.0,0.0,0.0,0.11229946524064172,0.0,0.0,0.0,-0.0546875,0.0,0.0,0.019120458891013385,0.0,-0.07232267037552156
GLSS-SF-0007-TP-01D-WXS-HSNHN7,0.0,0.0,0.0,0.33575129533678755,0.0,0.0,0.0,0.0,0.0,0.0,0.0,0.0024449877750611247,0.0,0.0,0.0,0.9882697947214076,0.0,0.0,-0.003451251078515962,0.0,0.0,0.0,0.0,0.0,0.0,0.0,0.0,0.0,0.0,0.0,0.0,0.0,0.03125,-0.5281553398058253,0.036458333333333336,1.0,1.0,1.0,0.0,0.0
GLSS-SF-0008-TP-01D-WXS-9702S9,0.0,-0.2692307692307692,-0.8134615384615385,0.0,0.0,0.0,0.0,0.0,0.0,0.0,0.0,0.0,0.0,0.0,0.0,-0.002932551319648094,-1.0,0.0,0.0,0.0,0.0,0.0,0.0,0.0,0.0,-0.061246040126715945,0.0,0.0,0.0,-0.6382306477093207,-0.5133689839572193,-0.26412918108419836,0.0,0.0,0.0,0.9545454545454546,0.0,0.0,0.0,0.0
GLSS-SF-0009-TP-01D-WXS-31SKZ3,0.0,0.0,0.0,0.0,0.9112426035502958,0.0,0.0,0.014302741358760428,0.0,0.0,0.0,0.0,0.4233502538071066,0.0,0.0,0.0,0.0,0.0,0.0,0.0,0.0,-1.0,-0.02711864406779661,0.0,0.0,0.0,0.2370617696160267,0.0,0.0,0.01579778830963665,0.0,0.0,0.0,0.0,0.0,0.0,0.0,0.0,-0.6580882352941176,-0.02920723226703755
GLSS-MD-0005-TP-01D-WGS-MKBGI6,-0.0273972602739726,-0.25274725274725274,-0.27115384615384613,-0.08290155440414508,0.33727810650887574,-0.9629200463499421,0.1543942992874109,-0.3182359952324195,-0.22366863905325443,-0.14102564102564102,0.002352941176470588,0.5207823960880196,-0.07309644670050762,0.0,0.0,-0.013196480938416423,-0.8529698149951315,-0.4734337827121332,0.10785159620362382,0.0,0.0,-1.0,-0.11186440677966102,-0.028368794326241134,0.005208333333333333,-0.006335797254487857,0.11853088480801335,0.7533039647577092,-0.4763636363636364,0.0,-1.0,-0.9919261822376009,0.0,-0.141747572815534,1.0,1.0,0.0,0.5831739961759083,0.0,-0.17385257301808066
GLSS-MD-0007-TP-01D-WGS-QCMUUE,0.8493150684931506,0.0,0.0,0.0,-0.005917159763313609,-0.8887601390498262,-0.7434679334916865,0.014302741358760428,0.22130177514792898,0.0,0.0,0.38386308068459657,-0.08020304568527918,0.0,-0.5882352941176471,0.0,0.0,-0.4742268041237113,-0.0638481449525453,0.0,0.0,-1.0,-0.9322033898305084,0.0,0.0,0.0,0.0,0.0,0.0,0.0,-1.0,-0.9607843137254902,0.0,0.0,-0.3151041666666667,1.0,0.0,0.47418738049713194,-1.0,-0.02920723226703755
GLSS-MD-0009-TP-01D-WGS-3XAL3U,-0.091324200913242,-0.16071428571428573,-0.21346153846153845,-0.004145077720207254,0.8964497041420119,-0.24333719582850522,0.0,-0.3432657926102503,-0.12662721893491125,-0.4432234432234432,-0.22823529411764706,-1.0,-0.19593908629441625,0.0,0.0,-0.187683284457478,-0.7760467380720545,-0.2696272799365583,0.027610008628127698,0.07589285714285714,-0.7592997811816192,-1.0,-0.5932203389830508,-0.17553191489361702,-0.008680555555555556,-0.005279831045406547,-0.0333889816360601,0.46402349486049926,-0.5163636363636364,0.0,-0.28342245989304815,0.09342560553633218,-0.3806818181818182,-0.07184466019417475,-0.1640625,0.8363636363636363,0.6786786786786787,-0.0057361376673040155,0.0,0.0
GLSS-MD-0014-TP-01D-WGS-F4GXRX,-1.0,-1.0,0.0,0.0,0.0,0.0,-0.026128266033254157,0.0166865315852205,0.0,-1.0,-0.004705882352941176,1.0,1.0,0.0,0.0,1.0,1.0,-0.6011102299762093,-0.06902502157031924,0.0,0.0,1.0,0.023728813559322035,-1.0,0.0,0.0,0.0,0.0,-0.0036363636363636364,-0.001579778830963665,0.0,0.0,0.0,0.0,0.11197916666666667,0.2974025974025974,0.0,0.0,-0.10294117647058823,-0.2267037552155772
GLSS-MD-0016-TP-01D-WGS-DXIBAS,-0.0410958904109589,-1.0,-0.16346153846153846,0.0,0.0,0.0,0.0,0.0,-0.028402366863905324,0.0,0.0,0.0,0.49441624365482234,0.0,-0.07058823529411765,0.0,0.0,-0.22204599524187152,0.7860224331320104,0.0,-0.2538293216630197,1.0,0.03728813559322034,-0.2765957446808511,0.1440972222222222,0.3780359028511088,0.0,0.0,0.0,0.0,0.0,0.0,0.0,0.0,0.0,0.0,0.0,-0.21414913957934992,-1.0,-0.02920723226703755
GLSS-MD-0020-TP-01D-WGS-6T2E56,-1.0,-0.9903846153846154,0.038461538461538464,0.15129533678756477,0.2485207100591716,-0.002317497103128621,0.07600950118764846,-0.9809296781883194,-0.46272189349112425,-0.14835164835164835,0.07764705882352942,0.3422982885085575,0.23959390862944163,-0.8409090909090909,-0.4392156862745098,0.39882697947214074,-0.2035053554040896,-0.007930214115781126,0.11389128559102675,-0.4017857142857143,-0.10284463894967177,-1.0,-0.5084745762711864,-0.16134751773049646,-0.0763888888888889,0.13199577613516367,0.18363939899833054,0.4713656387665198,-0.07636363636363637,0.42022116903633494,-0.21390374331550802,0.23414071510957324,0.9900568181818182,-0.9533980582524272,1.0,0.974025974025974,-0.4114114114114114,0.07265774378585087,-0.8970588235294118,-0.3588317107093185
GLSS-MD-0021-TP-01D-WGS-YMNBEZ,0.7808219178082192,-0.22115384615384615,-1.0,0.48290155440414506,0.0,0.0,-1.0,-0.3539928486293206,-0.39644970414201186,-1.0,-0.004705882352941176,-0.3374083129584352,-0.20304568527918782,0.375,0.3686274509803922,-1.0,-1.0,-0.10864393338620143,-0.06471095772217429,0.03571428571428571,0.8336980306345733,-1.0,-0.023728813559322035,-1.0,0.010416666666666666,-0.0454065469904963,0.0,0.0,0.0,0.0,-0.21390374331550802,0.0,-0.004261363636363636,0.0,-0.033854166666666664,0.8987012987012987,0.0,0.9847036328871893,0.0,-0.20723226703755215
GLSS-MD-0022-TP-01D-WGS-ZAET2D,-0.4337899543378995,-0.0673076923076923,0.0,-0.10259067357512953,0.0,0.0,0.0,0.014302741358760428,-0.22366863905325443,-0.9871794871794872,-0.04941176470588235,0.0,0.0,0.0,0.0,1.0,1.0,-0.18715305313243458,-0.05090595340811044,0.0,-0.34573304157549234,-1.0,-0.023728813559322035,-0.48936170212765956,0.0,0.0,0.04006677796327212,-0.00881057268722467,-0.5163636363636364,0.014218009478672985,0.0,-0.05536332179930796,0.0,0.011650485436893204,1.0,1.0,0.0,-0.20650095602294455,-0.14705882352941177,0.0
GLSS-MD-0023-TP-01D-WGS-JDO9G6,-1.0,-1.0,0.0,-0.1772020725388601,0.0,0.0,0.0,-0.3563766388557807,-0.028402366863905324,-1.0,-0.5764705882352941,-0.039119804400977995,0.0,0.0,0.0,0.002932551319648094,-0.5540408958130477,-0.5535289452815226,-0.022433132010353754,0.0,0.0,-1.0,-0.023728813559322035,0.0,0.0,0.0,-0.025041736227045076,0.0,0.0,0.0,0.0,0.0,-0.004261363636363636,-0.005825242718446602,0.46875,1.0,0.0,0.0,-1.0,-0.03477051460361613
GLSS-MD-0026-TP-01D-WGS-2PPGFK,-1.0,-1.0,-1.0,-1.0,0.0,0.03244495944380069,0.0,-1.0,-0.028402366863905324,-0.027472527472527472,-0.03764705882352941,0.4743276283618582,0.0,0.0,0.0,0.0,0.0,0.168913560666138,0.19585849870578084,0.0,0.0,0.0,0.0,-1.0,0.0,0.0,0.005008347245409015,0.004405286343612335,-0.48,0.04897314375987362,0.0,0.0,-0.014204545454545454,0.007766990291262136,1.0,1.0,0.0,0.0,0.0,0.0
GLSS-MD-0030-TP-01D-WGS-NBC5N6,-0.091324200913242,-0.15934065934065933,-0.6288461538461538,-0.06839378238341969,0.9142011834319527,-0.492468134414832,0.672209026128266,-0.3039332538736591,-0.5928994082840237,-0.46703296703296704,-0.28941176470588237,0.0024449877750611247,-0.1319796954314721,-0.25,0.3411764705882353,-0.5454545454545454,-0.2872444011684518,-0.6169706582077716,0.12424503882657463,-0.25892857142857145,-1.0,-1.0,-0.030508474576271188,-0.37056737588652483,-0.04513888888888889,0.15522703273495247,0.18030050083472454,0.6270190895741556,0.28,-0.8957345971563981,-0.40641711229946526,0.14648212226066898,-0.07670454545454546,0.7126213592233009,0.2421875,0.09480519480519481,-0.13513513513513514,0.9082217973231358,0.0,-0.36022253129346316
GLSS-MD-0031-TP-01D-WGS-0XZCQS,0.0,0.0,0.0,0.0,0.0,0.0,0.0,0.0,1.0,-0.1336996336996337,-0.12705882352941175,0.0,0.0,0.0,0.0,0.0,0.0,-0.007137192704203013,0.0,0.0,0.0,1.0,1.0,1.0,1.0,1.0,1.0,1.0,0.0,0.0,0.5561497326203209,0.13494809688581316,0.0,0.0,0.875,1.0,1.0,1.0,-0.04779411764705882,-0.24339360222531292
GLSS-MD-0035-TP-01D-WGS-DJ3SQ1,-1.0,-0.9945054945054945,0.023076923076923078,-0.008290155440414507,0.0,0.0,0.0,0.0,0.028402366863905324,0.0,0.0,0.0,-0.10152284263959391,0.0,0.0,0.34017595307917886,0.5053554040895814,-0.22204599524187152,0.0,1.0,1.0,0.0,0.0,-1.0,-0.10590277777777778,-0.08870116156282999,0.0,0.0,0.0,-0.001579778830963665,0.0,0.0,-0.005681818181818182,-0.0854368932038835,1.0,1.0,0.0,0.0,-0.14338235294117646,0.0
GLSS-MD-0036-TP-01D-WGS-9FDX42,-1.0,-1.0,-0.18653846153846154,-0.3689119170984456,-0.1834319526627219,-0.06257242178447277,0.0,-0.3528009535160906,-0.357396449704142,-1.0,-0.6188235294117647,-0.7359413202933985,-0.7055837563451777,-0.3068181818181818,-0.00392156862745098,1.0,1.0,-0.655035685963521,0.004314063848144953,1.0,1.0,1.0,-0.6169491525423729,-0.898936170212766,-0.013888888888888888,0.22703273495248152,-0.7462437395659433,0.591776798825257,-0.44,0.9826224328593997,-0.22994652406417113,0.06228373702422145,-0.09375,-0.9592233009708738,1.0,1.0,0.0,-0.11663479923518165,-1.0,-0.5563282336578581
GLSS-MD-0038-TP-01D-WGS-KZL25H,-1.0,-1.0,-0.04423076923076923,-0.10155440414507771,-0.008875739644970414,-0.05793742757821553,0.0,-1.0,-0.028402366863905324,-1.0,-0.2,0.0,-0.1847715736040609,0.0,0.0,-1.0,-1.0,-0.2712133227597145,-0.01639344262295082,0.0,-0.18818380743982493,-1.0,-0.04745762711864407,-0.1773049645390071,0.0,-0.03695881731784583,0.0,0.0,-0.4763636363636364,0.0,-0.016042780748663103,-0.00461361014994233,0.0,-0.007766990291262136,0.4583333333333333,0.35194805194805195,0.0,-0.0994263862332696,-1.0,-1.0
GLSS-MD-0042-TP-01D-WGS-R5UYLI,-1.0,-1.0,0.0,-0.1699481865284974,0.0,-0.055619930475086905,-1.0,-0.20500595947556616,0.028402366863905324,0.0,0.0,1.0,1.0,-1.0,-0.00392156862745098,1.0,1.0,0.9095955590800952,0.9663503019844694,0.017857142857142856,0.0,0.0,-0.43050847457627117,-0.9946808510638298,-0.18055555555555555,0.0,-0.1986644407345576,-0.004405286343612335,0.0,0.0,0.9572192513368984,1.0,0.0,0.0,1.0,1.0,0.0,0.0,0.0,-0.588317107093185
GLSS-MD-0043-TP-01D-WGS-A5EGFI,-0.0273972602739726,-0.1620879120879121,0.0,0.0,0.05917159763313609,0.5619930475086906,0.007125890736342043,-0.2586412395709178,0.0,-0.6575091575091575,-0.30117647058823527,-0.16381418092909536,0.3411167512690355,0.0,0.0,-0.0747800586510264,-1.0,-0.011102299762093577,-0.06471095772217429,0.0,0.0,-1.0,-0.023728813559322035,0.0,0.13194444444444445,0.0,0.0,0.0,0.0,0.0,0.42780748663101603,0.3933102652825836,0.11221590909090909,0.7436893203883496,-0.19791666666666666,0.6467532467532467,-0.4114114114114114,0.739961759082218,-1.0,-0.02920723226703755
GLSS-MD-0045-TP-01D-WGS-NJCMTP,-1.0,-1.0,0.0,0.0,0.0,0.0,-1.0,0.0,0.028402366863905324,-0.027472527472527472,-0.03529411764705882,0.0,0.0,0.0,0.0,1.0,1.0,-0.30927835051546393,-0.09232096635030199,1.0,1.0,0.0,-0.3593220338983051,-1.0,0.0,0.0,0.0,0.0,0.0,0.0,0.0,0.02191464821222607,-0.024147727272727272,-0.16893203883495145,0.7447916666666666,0.6207792207792208,0.0,0.0,-0.10661764705882353,-0.23504867872044508
GLSS-MD-0046-TP-01D-WGS-YZL1C9,-1.0,-1.0,-0.2076923076923077,-0.08393782383419689,0.0,-0.03360370799536501,-1.0,-0.38259833134684146,-1.0,0.0,-0.13647058823529412,0.0,0.008121827411167513,0.0,0.0,0.08944281524926687,-0.04089581304771178,-0.07295796986518636,0.0,1.0,0.5908096280087527,-1.0,-0.14576271186440679,-0.5159574468085106,0.0,-0.012671594508975714,-0.32053422370617696,0.1762114537444934,-0.509090909090909,0.0,-0.18716577540106952,0.3817762399077278,0.0,0.0,1.0,1.0,0.0,-0.21414913957934992,0.0,0.0
GLSS-MD-0049-TP-01D-WGS-WP8NAY,-0.2237442922374429,-0.38186813186813184,-0.14807692307692308,0.34093264248704663,0.3076923076923077,0.48088064889918886,0.035629453681710214,-0.20500595947556616,-0.6792899408284023,-0.27106227106227104,0.2988235294117647,-0.09046454767726161,0.2263959390862944,-0.11363636363636363,0.09411764705882353,0.2404692082111437,-0.1830574488802337,-0.10467882632831087,-0.3252804141501294,-0.16964285714285715,-0.3238512035010941,-1.0,-0.23389830508474577,-0.41312056737588654,0.1597222222222222,-0.08870116156282999,0.42070116861435725,0.42731277533039647,-0.01818181818181818,-0.6477093206951027,-0.5294117647058824,0.1245674740484429,0.029829545454545456,0.2563106796116505,0.2760416666666667,0.825974025974026,0.021021021021021023,0.7590822179732314,0.15441176470588236,-0.721835883171071
GLSS-AT-GP01-TP-01D-WXS-TI55UY,-1.0,-1.0,0.0,0.0,0.0,0.0,-1.0,-1.0,0.0,0.0,0.0,0.13202933985330073,0.14111675126903553,-0.2727272727272727,0.0,0.21994134897360704,-0.31645569620253167,-0.08485329103885805,0.0,0.0,0.0,0.0,0.0,-0.950354609929078,0.0,0.0,0.0,0.0,0.0,0.0,0.0,0.0,0.0,0.0,1.0,1.0,0.0,0.0,-0.8198529411764706,0.0
GLSS-SF-0010-TP-01D-WXS-XAUHJB,0.954337899543379,0.0,-0.9923076923076923,0.0383419689119171,0.8461538461538461,0.0,-0.8194774346793349,0.0,0.015384615384615385,0.0,0.0,-0.004889975550122249,0.0,0.0,0.0,-0.002932551319648094,-0.15676728334956183,0.0,0.0,0.0,0.0,-1.0,-0.6406779661016949,-0.7606382978723404,0.0,0.013727560718057022,-0.7328881469115192,-0.0014684287812041115,0.0,0.0,0.0,0.0,0.0,0.0,0.0,0.0,0.0,0.7246653919694073,0.029411764705882353,0.02920723226703755
GLSS-SF-0011-TP-01D-WXS-YIYP4N,0.8812785388127854,-0.3475274725274725,0.0,0.0,0.0,-0.9096176129779838,0.0,0.0,0.0,0.0,0.0,-0.0024449877750611247,0.0,0.0,0.0,0.0,-0.7974683544303798,-0.0880253766851705,-0.17860224331320104,0.0,0.0,0.0,-0.2271186440677966,0.0,0.0,0.0,0.0,0.0,0.0,0.0,0.0,0.0,-0.453125,-0.3864077669902913,0.0,0.0,0.0,0.0,0.0,0.0
GLSS-SF-0012-TP-01D-WXS-SRHC7M,0.0,-0.1043956043956044,0.0,0.0,0.0,0.0,0.0,-0.014302741358760428,0.0,-0.2509157509157509,0.0,0.03667481662591687,0.0,0.0,0.0,0.0,0.0,-0.035685963521015066,-0.056082830025884385,0.0,-0.00437636761487965,-0.3333333333333333,-0.14576271186440679,0.0,0.14583333333333334,0.0,0.0,0.0,0.0,0.0,0.0,0.0,0.014204545454545454,0.0,0.0,0.0,-0.003003003003003003,0.0,-0.8125,-0.08205841446453407
GLSS-SF-0013-TP-01D-WXS-5X46IS,0.0,0.0,0.0,0.0,0.0,-0.21320973348783315,-1.0,0.0,0.0,0.0,0.0,0.0,0.0,0.0,0.0,0.0,0.0,0.003965107057890563,1.0,0.0,0.0,0.0,0.0,-1.0,-0.9461805555555556,0.0,-0.9782971619365609,0.0,0.0,0.0,0.0,0.0,0.0,0.0,0.0,0.0,0.0,0.0,-0.8639705882352942,0.0
GLSS-AT-00P1-TP-01D-WXS-EF0XQE,-1.0,-1.0,0.0,0.0,0.0,-0.2213209733487833,0.026128266033254157,0.0,0.0,-0.027472527472527472,-0.3976470588235294,0.13202933985330073,0.04365482233502538,0.0,0.0,1.0,1.0,0.44409199048374304,0.6669542709232097,1.0,1.0,0.0,0.0,0.0,1.0,1.0,0.0,0.042584434654919234,0.0,0.0,0.0,0.3737024221453287,0.03125,-0.9980582524271845,1.0,1.0,0.0,0.0,-0.8823529411764706,0.0
GLSS-AT-00P2-TP-01D-WXS-RBLYWF,-1.0,-1.0,0.0,0.0,0.0,0.01738122827346466,-0.11401425178147269,0.0,0.0,0.0,-0.09411764705882353,0.0,0.0,0.0,0.0,0.0,0.0,0.0,0.001725625539257981,0.0,-0.05908096280087528,0.0,0.0,0.0,0.0,0.0,0.0,0.0,0.0,0.01263823064770932,0.0,0.0,0.0,0.0,0.0,0.0,0.0,0.0,0.0,0.0
GLSS-AT-00P3-TP-01D-WXS-T88KH3,0.0,0.0,0.0,0.0,0.0,0.0,0.0,0.0,0.0,0.0,0.0,0.0,0.0,0.0,0.0,0.0,0.0,0.0,0.0,0.0,0.0,0.0,0.0,0.0,0.0,0.0,0.0,0.0,0.0,0.0,0.0,0.0,0.0,0.0,0.018229166666666668,0.0,0.0,0.0,0.0,0.0
GLSS-AT-00P4-TP-01D-WXS-EIOJQ8,-1.0,-1.0,0.0,0.0,0.0,0.0,0.0,-1.0,-0.16923076923076924,-0.2692307692307692,0.0,-1.0,0.3928934010152284,-1.0,-1.0,-1.0,-1.0,-0.008723235527359239,0.0,0.0,0.0,0.0,0.0,-1.0,0.0,0.0,0.0,0.0,0.0,0.0,0.0,-0.9930795847750865,0.0,0.0,1.0,1.0,0.0,0.0,0.0,0.0
GLSS-AT-00P5-TP-01D-WXS-QAIYAY,-1.0,-1.0,0.0,0.0,0.05029585798816568,0.026651216685979143,-0.6817102137767221,0.0,0.0,0.0,0.0,0.0,0.0,0.0,0.0,1.0,0.2901655306718598,1.0,1.0,1.0,1.0,0.0,0.0,-1.0,0.0,0.0,0.0,0.0,0.0,0.0,0.0,0.0,0.0,0.0,1.0,1.0,0.0,0.0,0.0,0.0
GLSS-AT-00P6-TP-01D-WXS-A3KN92,-1.0,-1.0,0.0,0.0,0.0,0.0,0.0,0.0,0.0,0.0,0.0,0.0,0.0,0.0,0.0,1.0,1.0,-0.0015860428231562252,0.0,1.0,1.0,0.0,0.0,0.0,0.0,0.0,0.0,0.0,0.0,0.0,0.0,0.0,0.0,-0.11262135922330097,1.0,1.0,0.0,0.0,0.0,0.0
GLSS-AT-00P7-TP-01D-WXS-N53RYM,-1.0,-1.0,0.0,-0.8196891191709844,0.0,0.0,-1.0,-1.0,-1.0,0.0,0.0,0.0,0.0,0.0,0.0,0.0,0.0,-0.034892942109436956,-0.058671268334771355,0.0,0.0,0.0,0.0,-0.047872340425531915,0.0,0.0,0.0,0.32599118942731276,0.0,0.0,0.0,0.0,-1.0,-1.0,1.0,1.0,0.0,0.0,-0.1948529411764706,0.0
GLSS-DF-0002-TP-01D-WXS-JA9RJG,0.0,0.0,0.0,-0.004145077720207254,0.0,0.0,0.0,0.0,0.0,0.0,0.0,0.0,0.0,0.0,0.0,0.0,0.0,0.0,0.0,0.0,0.0,0.0,0.0,0.0,0.0,0.0,0.0,0.0,0.0,0.0,0.0,0.0,0.0,0.0,0.0,0.0,0.0,0.0,0.0,0.0
GLSS-DF-0003-TP-01D-WXS-IMR04G,-1.0,-1.0,0.0,0.0,0.3816568047337278,0.0,0.0,0.0,0.0,0.0,0.0,0.0,0.0,0.0,0.0,1.0,-0.2035053554040896,-0.11895321173671689,0.0,1.0,1.0,0.0,0.0,0.0,-0.06076388888888889,0.0,0.0,0.0,0.0,0.0,0.0,0.0,0.0,-0.3766990291262136,1.0,1.0,0.0,0.0,-0.39338235294117646,0.0
GLSS-DF-0004-TP-01D-WXS-2I99NC,0.0,0.0,0.0,0.0,0.0,0.0,0.0,0.0,0.0,0.0,0.0,0.0,0.0,0.0,0.0,0.0,0.0,0.0,0.0,0.0,0.0,0.0,0.0,0.0,0.0,0.0,0.0,0.0,0.0,0.0,0.0,0.0,0.019886363636363636,0.0,0.0,0.0,0.0,0.0,0.0,0.0
GLSS-DF-0006-TP-01D-WXS-O9DBZ4,-1.0,-1.0,1.0,0.36580310880829014,0.0,0.0,-1.0,1.0,-0.30414201183431955,1.0,1.0,-1.0,-0.32284263959390863,-1.0,-1.0,0.0,0.021421616358325218,1.0,1.0,0.0,0.0,0.0,0.0,1.0,0.0,0.0,1.0,1.0,1.0,1.0,-1.0,-1.0,0.0,0.0,1.0,1.0,0.0,0.0,0.4485294117647059,0.9026425591098748
GLSS-DF-0007-TP-01D-WXS-YYWNSP,-1.0,-1.0,0.009615384615384616,-0.025906735751295335,0.0,0.0,0.0,0.0,0.0,0.0,0.0,0.0,0.0,-0.6477272727272727,-0.1803921568627451,0.0,0.0,-0.20380650277557494,0.0,0.0,0.0,0.0,0.0,0.0,0.0,0.0,0.0,0.0,0.0,0.0,0.0,-0.0196078431372549,0.0,-0.9922330097087378,0.5338541666666666,0.16753246753246753,0.0,0.0,-0.7058823529411765,0.0
GLSS-DF-0010-TP-01D-WXS-BBMLTJ,-1.0,-0.46703296703296704,0.0,0.0,0.0,0.0,0.0,0.0,0.0,0.0,0.0,0.0,0.0,0.0,0.0,1.0,0.6436222005842259,0.0,0.0,0.0,-0.028446389496717725,0.0,0.0,-0.9131205673758865,0.0,0.0,-0.2704507512520868,0.0,-0.7418181818181818,0.0,0.0,0.0,0.0,-0.9922330097087378,1.0,1.0,0.0,0.0,-0.5441176470588235,0.0
GLSS-DF-0012-TP-01D-WXS-MRWC9M,0.0,0.0,0.0,0.0,0.0,0.0,0.0,0.0,0.0,0.0,0.0,0.0,0.0,0.0,0.0,0.0,0.0,0.0,0.0,0.0,0.0,0.0,0.0,0.0,0.0,0.0,0.0,0.0,0.0,0.0,0.0,0.0,0.0,0.0,0.0,0.0,0.0,0.0,0.0,0.0
GLSS-DF-0013-TP-01D-WXS-X404M0,-1.0,-0.8997252747252747,-1.0,-1.0,1.0,1.0,-1.0,-0.8116805721096544,1.0,1.0,1.0,0.9951100244498777,0.3583756345177665,1.0,1.0,-1.0,-1.0,-1.0,-1.0,0.0,0.0,1.0,1.0,1.0,0.9774305555555556,0.9904963041182682,1.0,1.0,-0.68,-1.0,-1.0,-1.0,-1.0,-1.0,1.0,0.9974025974025974,1.0,1.0,0.6911764705882353,1.0
GLSS-DK-0001-TP-01D-WXS-CB26AA,-1.0,-0.6675824175824175,0.0,0.0,0.0,0.0,0.0,0.0,0.0,0.0,0.0,0.0,-0.22233502538071065,0.0,0.0,1.0,0.5900681596884129,0.0,0.0,1.0,1.0,0.0,0.0,0.0,0.0,0.0,0.0,0.0,0.0,0.0,0.0,0.0,0.019886363636363636,0.0,1.0,1.0,0.0,0.0,0.0,0.0
GLSS-DK-0002-TP-01D-WXS-A2DF51,-1.0,-1.0,0.0,0.011398963730569948,0.0,-0.0440324449594438,0.0,0.0,0.0,0.0,0.0,0.0,0.030456852791878174,0.0,0.043137254901960784,1.0,1.0,0.8794607454401269,0.5289042277825712,1.0,1.0,0.0,0.0,-0.4166666666666667,-1.0,-1.0,0.0,0.0,0.0,0.0,0.0,0.0,0.0,0.0,1.0,1.0,0.0,0.0,0.0,0.0
GLSS-DK-0003-TP-01D-WXS-E43D26,-1.0,-1.0,0.0,-0.004145077720207254,0.0,0.0,-1.0,-1.0,0.0,0.0,0.0,0.0,0.0,0.0,0.0,0.0,0.0,-0.168913560666138,0.0,0.0,0.0,-1.0,-1.0,-1.0,0.0,0.0,0.0,0.0,0.0,0.0,0.0,0.0,0.03125,-0.9922330097087378,1.0,1.0,0.0,0.0,-0.14338235294117646,-0.37830319888734354
GLSS-DK-0004-TP-01D-WXS-6BD61E,-0.8493150684931506,-1.0,0.0,0.0,0.0,-0.026651216685979143,0.0,0.0,0.0,-0.1813186813186813,0.0,0.0,0.0,0.0,0.0,1.0,1.0,-0.09516256938937351,-0.011216566005176877,1.0,1.0,0.0,0.0,0.0,-0.10069444444444445,-0.0031678986272439284,0.0,-0.1776798825256975,0.0,-0.03475513428120063,0.0,-0.0461361014994233,0.0,0.0,1.0,1.0,0.0,0.0,-1.0,0.9415855354659249
GLSS-DK-0005-TP-01D-WXS-EFBF4F,-1.0,-1.0,-0.09423076923076923,0.0,0.0,-0.25608342989571264,-0.5344418052256532,0.0,0.0,0.0,0.0,0.039119804400977995,0.0,0.0,0.0,-1.0,-1.0,0.08564631245043616,-0.1915444348576359,0.0,0.0,0.0,0.0,0.0,0.0,0.0,0.0,-0.2393538913362702,0.0,0.0,0.44919786096256686,0.0,0.0,-0.3864077669902913,0.875,0.5428571428571428,0.0,0.0,0.0,-0.1474269819193324
GLSS-DK-0006-TP-01D-WXS-47D949,-1.0,-1.0,0.0,0.0,0.0,-0.11587485515643106,0.0,0.0,0.0,0.0,0.0,0.0,0.8873096446700508,-1.0,-1.0,1.0,1.0,0.6399682791435368,1.0,0.0,0.0,0.0,0.0,0.0,0.0,0.0,0.0,0.0,0.0,0.0,1.0,1.0,0.019886363636363636,0.0,1.0,1.0,0.0,0.0,-0.11029411764705882,0.0
GLSS-DK-0007-TP-01D-WXS-D7676B,-1.0,-1.0,-0.01730769230769231,-0.0051813471502590676,0.0,0.0,0.0,0.0,0.0,0.0,0.0,-1.0,-1.0,0.0,0.0,1.0,1.0,0.0,0.0,0.0,0.0,0.0,0.0,0.0,0.0,0.0021119324181626186,0.0,0.0,0.0,0.0,0.0,-0.0196078431372549,0.0,-0.038834951456310676,1.0,1.0,0.0,0.0,0.0,0.0
GLSS-DK-0008-TP-01D-WXS-6C3ABC,0.0,-0.8585164835164835,0.0,0.0,1.0,0.0996523754345307,-0.684085510688836,0.0,0.0,0.0,0.0,0.0,0.0,0.0,0.0,0.0,0.0,0.0,0.009490940465918895,0.0,0.0,0.0,0.0,-1.0,-0.013888888888888888,0.006335797254487857,0.0,0.0,0.0,-0.10268562401263823,0.8181818181818182,0.0011534025374855825,0.03125,0.0,1.0,1.0,0.0,0.0,-0.25,0.0
GLSS-DK-0010-TP-01D-WXS-7155DD,-1.0,-1.0,0.0,0.0,0.0,0.0,0.0,-0.03814064362336114,0.0,0.0,0.0,-0.21026894865525672,0.0,0.0,0.0,1.0,1.0,-0.003965107057890563,0.0,0.0,0.0,0.0,0.0,0.0,0.0,0.0,1.0,0.9030837004405287,1.0,1.0,0.0,0.0,0.0,0.0,1.0,1.0,0.0,0.0,0.41911764705882354,1.0
GLSS-DK-0011-TP-01D-WXS-B8468B,-1.0,-1.0,0.0,0.0,0.0,0.0,0.0,-0.3146603098927294,-0.03195266272189349,0.0,0.0,0.0,0.0,0.0,0.0,-1.0,-0.8617332035053554,0.0,0.0,0.0,0.0,0.0,0.0,0.0,1.0,1.0,0.0,-0.09544787077826726,0.0,0.0,0.0,0.0,0.0,0.0,1.0,1.0,0.0,0.0,-0.20588235294117646,0.0
GLSS-DK-0012-TP-01D-WXS-93BDF8,-1.0,-1.0,0.0,-0.9937823834196892,0.0,0.0,-1.0,0.0,0.0,0.0,0.0,0.0,-0.07918781725888324,0.0,0.0,1.0,1.0,-0.17684377478191912,0.0,1.0,1.0,0.0,0.0,-0.7890070921985816,0.0,0.0,-1.0,-0.14831130690161526,0.0,-0.07109004739336493,0.0,0.0,-1.0,-1.0,1.0,1.0,-0.996996996996997,0.0,-1.0,-1.0
GLSS-DK-0013-TP-01D-WXS-48CFAE,-1.0,-1.0,0.0,0.0,0.0,-0.2862108922363847,0.0,0.014302741358760428,0.0,-1.0,-1.0,-1.0,0.40913705583756343,0.0,0.0,0.9824046920821115,-1.0,-0.6645519429024583,-0.2182916307161346,0.0,0.0,0.0,0.0,-1.0,0.0,0.0,0.0,-0.07929515418502203,0.0,0.0,0.0,0.0,0.0,0.0,1.0,1.0,0.0,0.0,-0.27941176470588236,-0.11265646731571627
GLSS-DK-0014-TP-01D-WXS-731C2B,-1.0,-1.0,-0.36153846153846153,0.0,0.0,0.0,-1.0,0.0,-1.0,0.0989010989010989,-1.0,-0.7212713936430318,0.0,-1.0,-1.0,0.0,0.0,-0.07057890563045202,-0.003451251078515962,-1.0,-1.0,0.0,0.0,0.0,-0.6927083333333334,0.0,0.0,0.0,-1.0,-1.0,-1.0,-1.0,0.019886363636363636,0.0,1.0,1.0,-0.9099099099099099,-0.0057361376673040155,-0.15073529411764705,0.0
GLSS-DK-0009-TP-01D-WXS-291A6E,-1.0,-1.0,0.5307692307692308,-0.44455958549222796,0.0,-0.25608342989571264,0.0,0.0,0.0,-1.0,-1.0,-1.0,-1.0,0.0,0.0,-1.0,-1.0,0.0,-0.2553925798101812,0.0,0.0,-1.0,-1.0,0.0,-0.003472222222222222,-0.10559662090813093,0.0,0.0,-1.0,-1.0,0.0,0.0,0.046875,0.0,1.0,0.6558441558441559,0.0,0.0,0.12867647058823528,0.05285118219749652
GLSS-19-0273-TP-01D-WXS-H00BNY,-1.0,-1.0,0.0,0.0,0.0,0.0,-1.0,0.0,0.0,0.0,0.0,0.0,0.0,1.0,1.0,-0.020527859237536656,0.0,-0.04282315622521808,0.0,0.0,0.0,1.0,1.0,-1.0,0.0,0.0,0.0,0.0,0.0,0.0,0.0,0.0,0.019886363636363636,0.0,1.0,1.0,0.0,0.0,-0.20220588235294118,0.0
GLSS-19-0267-TP-01D-WXS-CS4K8X,-1.0,-1.0,0.0,0.0,0.0,0.0,0.0,-0.007151370679380214,-0.03195266272189349,0.0,0.0,0.0,0.0,0.0,0.0,0.0,0.0,-0.4520222045995242,0.0,0.0,0.0,0.0,0.0,-0.5425531914893617,0.0,0.0,0.0,-0.0881057268722467,-0.9927272727272727,-0.8609794628751974,0.0,0.0,0.0,0.0,1.0,1.0,0.0,-0.05162523900573614,-1.0,-1.0
GLSS-19-0271-TP-01D-WXS-3TI55F,-0.3470319634703196,-0.728021978021978,-0.09230769230769231,0.0,0.0,0.0,0.0,0.0,0.0,0.0,0.0,0.0,0.0,0.0,0.0,0.9794721407624634,-0.05258033106134372,-0.0943695479777954,0.0,1.0,1.0,-1.0,-0.4847457627118644,-1.0,-0.034722222222222224,0.0,0.0,0.0,0.0,0.0,0.0,0.0,0.0,0.0,1.0,1.0,0.0,0.0,-1.0,-1.0
GLSS-19-0274-TP-01D-WXS-F3BOIM,-1.0,-0.967032967032967,0.0,0.04145077720207254,0.0,0.0,0.0,0.0,-0.5301775147928994,0.0,0.0,0.0,0.0,-0.8181818181818182,0.0,-1.0,-1.0,-0.5226011102299762,0.0,0.0,0.0,0.0,0.0,0.0,0.0,0.0,0.0,0.6666666666666666,0.0,0.0,0.0,0.0,0.0,0.0,1.0,0.7480519480519481,0.0,0.0,-0.17647058823529413,0.0
GLSS-19-0270-TP-01D-WXS-I69BAL,-1.0,-1.0,0.0,-0.004145077720207254,0.0,0.0,0.0,-0.2765196662693683,-0.01775147928994083,-0.054945054945054944,0.0,0.0,0.0,0.0,0.0,1.0,0.17721518987341772,-0.2204599524187153,0.0,1.0,1.0,0.0,0.0,0.0,0.0,0.0,0.0,0.0,0.0,0.0,0.0,0.0,-0.019886363636363636,0.0,-0.0625,0.014285714285714285,0.0,0.0,-1.0,-0.059805285118219746
GLSS-19-0269-TP-01D-WXS-G5IWER,-1.0,-0.9972527472527473,0.0,0.0,0.0,0.0,0.0,-1.0,0.0,0.0,0.0,0.0,0.0,0.0,0.0,0.0,0.0,0.0,0.0,0.0,0.0,0.0,0.0,0.0,0.0,0.0,0.0,0.0,0.0,0.0,0.0,0.0,-0.03125,-0.0970873786407767,1.0,1.0,0.0,0.0,-0.20220588235294118,0.0
GLSS-19-0277-TP-01D-WXS-CK54HQ,-1.0,-1.0,0.9557692307692308,0.0,0.0,0.0,-0.6270783847980997,-1.0,0.0,0.0,0.0,0.0,0.0,0.0,0.0,0.0,0.0,0.0,0.0,1.0,1.0,0.0,0.0,-1.0,0.0,0.8046462513199577,-0.028380634390651086,0.0,0.0,0.0,0.0,0.0,0.0,0.0,1.0,1.0,0.0,0.0,0.0,0.0
GLSS-19-0266-TP-01D-WXS-F78XXN,-0.954337899543379,-0.6675824175824175,0.0,0.0,0.0,0.0,0.0,0.011918951132300357,0.0,0.0,0.0,0.0,-0.14923857868020304,0.0,0.0,1.0,1.0,0.0,-0.001725625539257981,1.0,1.0,0.0,0.0,0.0,0.0,0.0,-0.330550918196995,-0.0014684287812041115,0.0,0.0,1.0,1.0,0.0,0.0,1.0,1.0,0.0,0.0,-0.5992647058823529,0.0
GLSS-19-0268-TP-01D-WXS-QGO6RP,-1.0,-1.0,0.0,0.0,0.0,-0.0220162224797219,-1.0,0.0,0.0,-1.0,-1.0,0.0,0.0,0.0,-0.17254901960784313,0.0,0.0,-0.06026962727993656,0.0,-1.0,-1.0,1.0,1.0,-0.950354609929078,0.0,0.0,1.0,1.0,-1.0,-1.0,0.0,0.0,0.03125,-0.019417475728155338,1.0,0.9922077922077922,-1.0,-1.0,-0.5220588235294118,-0.5048678720445062
GLSS-19-0278-TP-01D-WXS-59Y0J0,-1.0,-1.0,0.0,0.0,0.0,0.0,0.0,-0.9487485101311085,-0.47928994082840237,-0.056776556776556776,0.0,0.0,0.0,0.0,0.0,0.0,0.0,0.0,0.0,0.0,0.0,0.0,0.0,0.0,0.0,0.0,0.0,0.0,0.0,0.0,0.0,0.0,0.0,0.0,0.08072916666666667,0.3142857142857143,0.0,0.0,-1.0,-1.0
GLSS-19-0280-TP-01D-WXS-V4MP15,-1.0,-1.0,-1.0,-1.0,0.0,0.0,-1.0,0.009535160905840286,-0.9431952662721893,0.0,0.0,0.0,0.0,0.0,0.0,0.0,0.021421616358325218,-0.2505947660586836,0.0,1.0,1.0,0.0,-0.27796610169491526,-0.925531914893617,0.0,0.0,0.0,0.0,0.0,-0.022116903633491312,0.0,0.0,-0.2215909090909091,-0.005825242718446602,0.0703125,0.3090909090909091,0.0,0.0,-0.9889705882352942,-1.0
GLSS-19-0272-TP-01D-WXS-9YKK98,-1.0,-1.0,-1.0,-1.0,-1.0,-1.0,-1.0,1.0,1.0,0.0,0.0,-1.0,-1.0,0.0,0.0,1.0,1.0,0.8754956383822363,1.0,1.0,1.0,1.0,1.0,-1.0,0.0,0.0,-1.0,-1.0,-1.0,-1.0,1.0,1.0,0.0,0.0,1.0,1.0,1.0,1.0,0.0,0.0
GLSS-19-0279-TP-01D-WXS-GQ9A87,0.0,-0.260989010989011,-0.3423076923076923,0.0,-0.13313609467455623,0.0,-0.009501187648456057,1.0,0.0,-1.0,-1.0,0.0,0.33908629441624366,0.0,0.0,0.0,0.0,1.0,1.0,0.0,0.0,1.0,1.0,-0.0549645390070922,1.0,1.0,-0.9115191986644408,0.4845814977973568,1.0,-0.8704581358609794,-1.0,-1.0,-0.9232954545454546,-1.0,1.0,1.0,0.0,0.0,0.0,0.0
GLSS-CU-R001-TP-01D-WXS-AMZ2L2,-1.0,-1.0,0.0,-0.5046632124352332,0.0,0.0,0.0,-0.009535160905840286,0.0,-0.2454212454212454,0.2823529411764706,-0.18581907090464547,-0.3928934010152284,0.0,0.0,0.0,-0.21616358325219084,0.0,0.9887834339948232,0.0,0.0,0.0,0.0,0.0,-0.012152777777777778,0.0,-0.9549248747913188,-0.3333333333333333,0.0,0.0,0.0,0.0,-0.9971590909090909,-0.9262135922330097,1.0,1.0,-1.0,-1.0,-0.2867647058823529,0.0
GLSS-CU-R002-TP-01D-WXS-UVO6E0,-1.0,-1.0,0.0,-0.16683937823834197,0.0,-0.013904982618771726,-1.0,0.0,0.0,0.0,0.0,-0.12469437652811736,-0.2436548223350254,0.0,0.0,1.0,0.8617332035053554,-0.02696272799365583,-0.18723037100949094,1.0,1.0,0.0,0.0,-1.0,0.0,0.0,0.0,-0.23788546255506607,0.0,0.0,0.0,-0.04152249134948097,0.0,0.0,1.0,1.0,0.0,0.0,-0.3639705882352941,0.0
GLSS-CU-R003-TP-01D-WXS-2K70Z2,-1.0,-1.0,0.0,0.0,0.0,0.0,0.0,0.014302741358760428,0.0,0.0,0.0,0.0,0.0,-0.5113636363636364,0.0,1.0,0.5326192794547225,-0.0190325138778747,0.0,1.0,1.0,0.0,0.0,0.0,-0.5190972222222222,0.0,0.0,0.0,0.0,-0.00631911532385466,0.0,0.0,0.0,0.0,0.018229166666666668,-0.01038961038961039,0.0,0.0,-1.0,-1.0
GLSS-CU-R004-TP-01D-WXS-46GQ36,-1.0,-1.0,0.0,0.0,0.0,0.0,0.0,-0.3504171632896305,0.0,0.0,0.0,0.0,-0.17868020304568527,-1.0,-1.0,1.0,1.0,-0.3338620142743854,0.0,1.0,1.0,0.0,0.0,-1.0,0.0,0.0,0.0,0.0,0.0,0.0,0.0,0.0,0.0,0.0,1.0,1.0,0.0,0.0,0.0,0.0
GLSS-CU-R005-TP-01D-WXS-TOQ8RG,-1.0,-1.0,0.0,0.0,0.0,0.0,0.0,0.0,0.0,0.0,0.0,0.0,0.0,0.0,0.0,1.0,1.0,-0.2624900872323553,-0.011216566005176877,1.0,1.0,0.0,0.0,0.0,0.0,0.0,0.0,0.0,0.0,0.0,0.0,0.0,0.0,0.0,0.8020833333333334,0.9831168831168832,0.0,0.0,-0.4852941176470588,0.0
GLSS-CU-R006-TP-01D-WXS-NBP8Q6,0.0,0.0,0.0,0.0,0.0,0.0,0.0,0.0,0.0,0.0,0.0,0.0,0.0,0.0,0.0,0.0,0.0,0.0,0.0,0.0,0.0,0.0,0.0,0.0,0.0,0.0,0.0,0.0,0.0,0.0,0.0,0.0,0.0,0.0,0.0,0.0,0.0,0.0,0.0,0.0
GLSS-CU-R007-TP-01D-WXS-TUWWCG,-1.0,-1.0,0.0,0.0,0.0,-0.002317497103128621,-0.5415676959619953,0.0,0.0,0.0,0.0,0.0,0.0,0.0,0.0,1.0,1.0,-0.4409199048374306,0.0,1.0,1.0,0.0,0.0,0.0,0.0,0.0,0.0,0.0,-1.0,-0.001579778830963665,0.0,0.0,0.014204545454545454,0.0,1.0,1.0,0.0,0.0,-0.2536764705882353,0.0
GLSS-CU-R008-TP-01D-WXS-0238UJ,-1.0,-1.0,-0.011538461538461539,0.0,0.0,-0.05098493626882966,0.0,-1.0,0.0,0.0,0.011764705882352941,0.0488997555012225,0.0,0.0,0.0,0.0,0.0,0.0,0.0,0.0,0.0,0.0,0.0,0.0,0.0,0.0,0.0,0.0,0.0,0.0,0.0,0.0,0.017045454545454544,0.0,1.0,1.0,0.0,0.0,0.0,0.0
GLSS-CU-R009-TP-01D-WXS-6VKK28,1.0,-0.9395604395604396,-0.6942307692307692,0.550259067357513,1.0,-0.41135573580533025,-1.0,-0.5923718712753278,0.04970414201183432,1.0,0.9741176470588235,0.9706601466992665,-1.0,0.3409090909090909,0.9215686274509803,1.0,1.0,0.8144329896907216,0.7860224331320104,1.0,1.0,0.0,0.0,0.26595744680851063,-0.034722222222222224,-0.17740232312565998,0.0,-0.3509544787077827,1.0,-0.23064770932069512,0.6042780748663101,0.002306805074971165,0.26988636363636365,0.42524271844660194,1.0,0.8246753246753247,1.0,-0.7743785850860421,1.0,1.0
GLSS-CU-R010-TP-01D-WXS-MWMVOK,-0.9360730593607306,-1.0,-0.8865384615384615,-0.9813471502590674,0.0,-0.0660486674391657,1.0,-0.9737783075089392,0.0,0.5128205128205128,0.7011764705882353,0.38875305623471884,0.28527918781725886,0.0,0.0,1.0,1.0,0.05789056304520222,0.0811044003451251,0.0,0.0,0.0,0.6169491525423729,0.0,0.296875,0.050686378035902854,-0.018363939899833055,0.22026431718061673,-1.0,-0.9778830963665087,0.0,0.00922722029988466,0.0,0.0,1.0,1.0,0.0,0.1739961759082218,0.0,0.1376912378303199
GLSS-CU-R011-TP-01D-WXS-BHD2A1,-1.0,-1.0,0.0,0.0,-0.4467455621301775,-0.15990730011587487,0.10926365795724466,0.0011918951132300357,0.0,0.0,0.0,0.0,-0.0649746192893401,0.0,0.0,1.0,1.0,0.34892942109436953,0.6281276962899051,1.0,1.0,0.0,0.0,0.0,0.1267361111111111,-0.11721224920802534,-0.14357262103505844,-0.14390602055800295,-0.20363636363636364,-0.684044233807267,-0.45454545454545453,-0.01730103806228374,0.4758522727272727,-0.6,1.0,0.8961038961038961,0.17417417417417416,-0.23135755258126195,-1.0,-0.09318497913769123
GLSS-CU-R012-TP-01D-WXS-98HFOG,-1.0,-1.0,-0.9076923076923077,-0.23419689119170983,0.0,0.0,-1.0,-1.0,0.0,0.0,0.0,0.0,0.27411167512690354,0.0,0.0,0.051319648093841645,-0.569620253164557,0.5114988104678826,0.0,0.0,-0.024070021881838075,-1.0,-0.023728813559322035,-0.030141843971631204,0.13541666666666666,-0.11932418162618796,0.0,0.0,0.0,-0.2985781990521327,0.0,0.0,-0.01278409090909091,-0.013592233009708738,-1.0,0.9298701298701298,0.0,0.51434034416826,-0.4485294117647059,0.0
GLSS-CU-R013-TP-01D-WXS-90BYMA,-1.0,-1.0,0.0,-0.8621761658031089,0.0,0.0,-1.0,0.0,0.0,0.0,0.0,-0.5941320293398533,-0.4071065989847716,0.0,-0.21568627450980393,0.0,0.0,0.0,0.0,0.0,0.0,0.0,0.0,-1.0,0.0,-0.03273495248152059,0.0,-0.02643171806167401,0.0,0.0,0.0,-0.12918108419838523,0.0,0.0,1.0,1.0,0.0,0.0,-0.6948529411764706,0.0
GLSS-CU-R014-TP-01D-WXS-E86YTX,0.0,0.0,0.007692307692307693,0.0,0.0,0.0,-1.0,0.0011918951132300357,0.0,0.0,0.0,0.0,0.0,0.0,0.0,0.0,0.0,-0.0031720856463124504,0.0,1.0,1.0,0.0,0.0,1.0,0.0,0.0,0.0,0.0,0.0,0.0,0.0,-0.00461361014994233,-0.014204545454545454,0.0,1.0,1.0,0.0,0.0076481835564053535,1.0,1.0
GLSS-CU-R015-TP-01D-WXS-CPT7WM,-1.0,-0.9945054945054945,0.0,0.0,0.0,0.0,0.0,0.0,0.0,0.0,0.0,0.0,0.0,0.0,0.0,1.0,1.0,0.02141157811260904,0.024158757549611734,1.0,1.0,0.0,0.0,0.10815602836879433,0.027777777777777776,0.009503695881731784,0.0,0.0,0.0,0.0,0.026737967914438502,0.0,0.005681818181818182,-0.08737864077669903,1.0,1.0,0.0,0.0,-0.058823529411764705,0.03337969401947149
GLSS-CU-R016-TP-01D-WXS-536A57,0.0,0.0,0.0,0.0,0.0,0.0,0.0,0.0,0.0,-0.08058608058608059,0.0,0.0,0.0,0.0,0.0,0.0,0.0,0.0,0.0,0.0,0.0,0.0,0.0,0.0,0.0,0.0,0.0,0.0,0.0,0.0,0.0,0.0,0.019886363636363636,0.0,0.0,0.0,0.0,0.0,0.0,0.0
GLSS-CU-R017-TP-01D-WXS-80WCK4,-0.5570776255707762,-0.9519230769230769,-0.0038461538461538464,0.0031088082901554403,-0.9970414201183432,0.0,0.0,0.0011918951132300357,0.0,-0.3791208791208791,0.0,0.0,0.0,0.0,0.0,0.0,0.0,0.0,0.0,0.0,0.0,0.0,0.0,0.0,0.013888888888888888,0.0,0.0,-0.07195301027900147,0.0,0.0,0.0,0.0,0.0,0.0,0.0078125,0.03766233766233766,0.0,0.0,-0.3125,0.0
GLSS-CU-R018-TP-01D-WXS-RTZK1Q,-1.0,-1.0,0.0,0.0,0.0,0.01738122827346466,0.0,-0.00834326579261025,0.014201183431952662,-0.08241758241758242,0.0,0.0,0.0,0.0,0.0,1.0,1.0,0.0,-0.030198446937014668,-0.48660714285714285,-0.1487964989059081,0.0,0.0,0.0,0.0,0.0,0.0,0.0,0.0,-0.02843601895734597,0.0,-0.040369088811995385,0.024147727272727272,-0.08349514563106795,1.0,1.0,0.0,0.0,0.0,0.0
GLSS-CU-R019-TP-01D-WXS-ZMMX2S,-1.0,-1.0,0.0,0.0,0.0,0.0,-1.0,-1.0,-1.0,0.4084249084249084,0.0,-0.02444987775061125,0.007106598984771574,0.0,0.0,-0.5043988269794721,-1.0,0.020618556701030927,0.0,1.0,1.0,0.0,-0.05423728813559322,-0.6985815602836879,0.0,0.0,0.0,0.0,0.0,0.0,0.0,0.0,0.03125,0.0,1.0,1.0,-0.04504504504504504,0.0,0.0,-0.09735744089012517
GLSS-SF-0016-TP-01D-WXS-K4PGE4,-0.3105022831050228,0.0,0.0,0.0,0.9289940828402367,0.0,0.0,-0.5744934445768772,0.0,0.0,0.0,0.0,0.4964467005076142,-0.6363636363636364,0.0,0.0,0.0,0.0,-0.7109577221742882,0.0,0.0,-1.0,-0.023728813559322035,0.0,0.0,0.06969376979936642,0.0,0.0,0.0,0.0,0.0,-0.0196078431372549,0.0,0.0,0.0,0.0,0.0,0.8986615678776291,-1.0,-1.0
GLSS-SF-0017-TP-01D-WXS-D3XB6V,0.8264840182648402,0.0,0.0,0.0,0.0,0.0,0.0,0.0,0.0,0.0,0.0,0.0,0.0,0.19318181818181818,0.0,0.0,0.0,0.0,0.0,0.0,0.0,-1.0,-0.02711864406779661,0.0,0.0,0.0,0.12687813021702837,0.0,0.0,0.0,-0.6256684491978609,0.0,0.0,0.0,0.0,0.7519480519480519,0.0,0.0,0.0,0.0
GLSS-SF-0018-TP-01D-WXS-KN7XVP,0.7808219178082192,-1.0,-0.6576923076923077,0.6238341968911917,-0.03550295857988166,-1.0,0.0,0.0,-0.08047337278106509,0.46886446886446886,0.0,-0.004889975550122249,0.0,0.0,0.0,-0.07038123167155426,0.0,0.0055511498810467885,0.4176013805004314,0.0,0.0,0.0,0.0,0.3670212765957447,0.0,0.0,-0.8998330550918197,-0.5066079295154186,0.0,0.0,-0.18716577540106952,-0.9561707035755479,0.0,0.0,0.0,0.0,0.0,0.0,0.5147058823529411,0.03337969401947149
GLSS-SF-0021-TP-01D-WXS-C6VWGG,1.0,-0.2403846153846154,-0.5653846153846154,0.0,1.0,0.0,0.0,0.0,0.0,0.0,0.0,0.0,0.0,0.0,0.0,0.0,-0.9464459591041869,0.0,0.0,0.0,0.0,0.0,0.0,0.0,0.0,0.0,0.0,0.0,0.0,-0.9320695102685624,0.0,0.0,0.0,0.0,0.0,0.0,0.0,0.0,-0.5845588235294118,0.0
GLSS-SF-0024-TP-01D-WXS-BIE2XK,0.0,0.0,0.0,0.20207253886010362,0.0,0.0,0.0,0.0,0.0,0.0,0.0,-0.004889975550122249,0.0,0.0,0.0,0.0,0.0,0.0,0.0,0.0,0.0,0.0,0.0,0.0,0.0,0.0,0.0,0.0,0.0,0.0,0.0,0.0,0.019886363636363636,0.0,0.8020833333333334,1.0,0.0,0.51434034416826,0.0,0.0
GLSS-SF-0025-TP-01D-WXS-QRHTEC,-0.3105022831050228,0.0,0.0,-0.38134715025906735,0.0,0.0,0.0,0.0,0.0,-0.027472527472527472,-1.0,0.007334963325183374,0.47411167512690355,0.0,0.0,0.0,0.0,-1.0,-1.0,0.5401785714285714,-0.20787746170678337,-1.0,-0.45084745762711864,-1.0,0.0,-0.06969376979936642,-0.011686143572621035,-0.3788546255506608,0.08,-0.014218009478672985,0.0,0.0,0.0,0.0,0.0,0.8909090909090909,0.0,0.0,0.0,0.0
GLSS-SF-0026-TP-01D-WXS-7VO69E,-1.0,-1.0,0.0,0.11295336787564766,0.0,-0.4843568945538818,0.0,0.0,0.0,0.0,0.0,0.09046454767726161,0.0,0.0,0.0,0.0,-0.3349561830574489,0.0,0.0,0.0,0.0,0.0,0.0,0.0,0.0,0.0,-0.06010016694490818,-0.09838472834067548,0.0,-0.01263823064770932,-1.0,-1.0,0.0,0.0,0.0,0.5025974025974026,0.0,0.0,0.5625,0.9582753824756607
GLSS-MD-0082-TP-01D-WXS-YMHT7Q,0.0,-0.6689560439560439,-0.65,0.0,0.0,0.0,-0.7814726840855107,0.0,0.0,0.0,0.0,0.0,0.0,0.0,0.0,0.12609970674486803,-0.5150925024342746,0.0,0.0,0.0,0.0,0.0,0.0,0.0,0.0,0.0,0.0,0.0,0.0,0.0,0.0,0.0,0.019886363636363636,0.0,1.0,1.0,1.0,1.0,0.0,0.0
GLSS-MD-0086-TP-01D-WXS-CYNFLN,0.0,0.0,-0.40384615384615385,0.2559585492227979,0.0,0.0,-1.0,0.0,-1.0,-1.0,-1.0,-0.8606356968215159,-0.6345177664974619,0.0,0.0,-1.0,-1.0,-0.5289452815226011,-0.3183779119930975,0.5089285714285714,-1.0,-1.0,-0.023728813559322035,-1.0,0.0,0.0,0.35225375626043404,0.0,0.0,0.0,0.0,0.0,0.0,0.0,0.0,0.5883116883116883,0.0,0.9120458891013384,0.0,0.0
GLSS-MD-0097-TP-01D-WXS-CLR2TN,0.3378995433789954,-0.24587912087912087,-0.49230769230769234,0.0383419689119171,0.15384615384615385,0.0,0.0,0.0,-0.015384615384615385,0.0,0.0,-0.06356968215158924,-0.024365482233502538,0.0,0.0,-1.0,-1.0,-0.007137192704203013,0.0,0.7678571428571429,0.0,-1.0,-0.20677966101694914,-0.32092198581560283,0.0,0.10242872228088701,0.0,0.0,0.0,0.0,0.0,-0.4002306805074971,0.0,0.0,0.0234375,0.8311688311688312,0.0,0.0,-0.16176470588235295,0.0
GLSS-SF-0027-TP-01D-WXS-QW4L0L,0.9726027397260274,-0.2554945054945055,0.0,0.21139896373056996,0.0,0.0,0.0,0.014302741358760428,0.0,0.0,0.0,0.0,0.0,0.0,0.0,0.0,0.0,0.0,0.0,0.0,0.0,0.0,0.0,0.0,0.0,0.16367476240760295,0.0,0.0,0.0,0.0,0.0,0.0,0.014204545454545454,0.0,1.0,0.7259740259740259,0.0,0.6462715105162524,-0.4522058823529412,0.0
GLSS-SF-0028-TP-01D-WXS-MURKV4,0.0,0.0,0.0,0.0,0.0,0.0,0.0,0.0,0.0,0.0,0.0,0.2176039119804401,0.0,0.0,0.0,0.9941348973607038,-1.0,0.0,0.0,0.0,0.0,0.0,0.0,0.0,0.0,-0.14149947201689547,0.0,0.0,0.0,0.0,0.0,0.01845444059976932,0.0,-0.4893203883495146,0.0859375,1.0,0.0,0.51434034416826,0.0,0.0
GLSS-SF-0029-TP-01D-WXS-RS22IE,1.0,0.005494505494505495,0.0,0.0,0.0,0.0,0.0,0.0,0.0,0.0,0.0,0.0,0.0,0.0,0.0,0.0,0.0,0.0,0.0,0.9151785714285714,0.0,0.0,0.0,0.0,-0.3177083333333333,-0.13093980992608237,0.0,0.0,0.0,0.0,-0.0213903743315508,0.0,0.0,0.0,0.0,0.3974025974025974,0.0,0.615678776290631,0.0,0.0
GLSS-SF-0032-TP-01D-WXS-QSXK5U,-1.0,-1.0,-1.0,-1.0,-1.0,-1.0,-1.0,0.0,-1.0,-1.0,-1.0,0.0,0.0,1.0,1.0,1.0,1.0,0.0,0.023295944779982744,0.0,0.0,0.0,0.0,1.0,0.0,0.0,0.0,0.0,0.0036363636363636364,0.06951026856240126,0.0,0.0,1.0,1.0,-0.8385416666666666,-0.8909090909090909,0.0,0.0,0.0,0.0
GLSS-SF-0058-TP-01D-WXS-O9J9FW,-1.0,-0.9835164835164835,-0.9769230769230769,-1.0,-1.0,-1.0,0.0,1.0,-0.978698224852071,-0.8644688644688645,-1.0,-1.0,-0.12487309644670051,1.0,1.0,1.0,1.0,0.2640761300555115,1.0,1.0,0.925601750547046,-1.0,-1.0,1.0,-1.0,-0.9767687434002112,1.0,1.0,-1.0,-1.0,1.0,1.0,-1.0,-1.0,1.0,1.0,1.0,1.0,-0.4485294117647059,0.9415855354659249
GLSS-SF-0065-TP-01D-WXS-1VUWY9,0.0,-0.23214285714285715,-0.7673076923076924,0.0,0.0,-0.9930475086906141,0.0,0.0,0.0,0.0,0.0,-0.022004889975550123,0.0,1.0,0.00392156862745098,-0.6436950146627566,0.0,0.0,-0.4797238999137187,0.0,0.0,0.0,0.0,0.0,0.0,0.0,0.0,0.0,0.0,0.0,0.0,0.0,0.0,0.0,0.0,0.0,0.0,0.0,0.0,0.0
GLSS-SF-0081-TP-01D-WXS-RFB24P,0.0,0.0,-0.4115384615384615,0.0,1.0,0.004634994206257242,0.0,0.0,0.0,0.0,0.0,0.06601466992665037,-0.005076142131979695,-0.5113636363636364,0.0,0.5351906158357771,1.0,0.0,0.012079378774805867,-0.09821428571428571,0.0,0.0,0.5389830508474577,-0.3404255319148936,0.0,0.0,0.0,0.09397944199706314,0.0,0.0,-1.0,-0.020761245674740483,0.014204545454545454,-0.001941747572815534,0.8151041666666666,0.951948051948052,1.0,1.0,0.0,0.0
GLSS-SF-0131-TP-01D-WXS-3LDK21,-1.0,-1.0,0.0,0.0,0.0,0.0,-1.0,-1.0,0.0,0.0,0.0,0.0,0.0,0.0,0.0,0.0,0.0,0.0,0.0,0.0,0.0,-1.0,-0.023728813559322035,-1.0,0.0,0.0,0.0,0.0,0.0,0.0,0.0,0.0,-0.014204545454545454,-1.0,1.0,0.05454545454545454,-1.0,-1.0,0.0,0.0
GLSS-SF-0157-TP-01D-WXS-NMIZPV,0.0,0.0,1.0,1.0,0.0,0.0,0.0,-0.7508939213349225,0.0,0.0,0.0,0.06845965770171149,0.0,0.0,0.0,0.0,0.0,0.0,-0.001725625539257981,0.0,0.0,0.0,0.0,-0.2854609929078014,0.0,0.0,0.0,-0.07782672540381791,0.0,0.0,0.0,0.0,0.0,0.0,0.0,0.8194805194805195,0.14714714714714713,1.0,0.0,0.0
GLSS-SF-0159-TP-01D-WXS-5CJXK9,0.0,0.0,0.0,0.0,0.0,-0.3348783314020857,0.0,0.0,0.0,0.0,0.0,0.0,0.0,0.0,0.0,0.0,0.0,0.0,0.0,0.0,0.0,0.0,0.0,0.0,0.0,0.0,0.0,0.0,0.0,0.0,0.0,0.0,0.0,0.0,0.0,0.7623376623376623,1.0,1.0,0.0,0.0
GLSS-SF-0161-TP-01D-WXS-S3V1GH,0.0,0.0,0.0,0.9917098445595854,0.0,0.0,0.0,0.0,0.0,0.0,0.0,0.0,0.0,0.0,0.0,0.0,0.0,0.0,0.0,0.0,0.0,0.0,0.0,0.0,0.0,0.0,0.0,0.0,0.0,0.0,0.0,0.0,0.019886363636363636,0.0,-0.2265625,0.0,0.0,0.0,0.0,0.0
GLSS-SM-R056-TP-01D-WXS-1BJVV2,-1.0,-1.0,0.0,0.0,0.0,0.3511008111239861,0.0,0.057210965435041714,-1.0,-0.30952380952380953,0.0,0.0,0.0,0.0,0.0,0.9824046920821115,0.9006815968841285,-0.023790642347343377,-0.9870578084555651,-1.0,-1.0,0.0,0.0,0.40425531914893614,0.0,0.0,0.0,0.0,0.0,0.0,0.0,0.0,0.004261363636363636,1.0,1.0,0.987012987012987,0.0,0.0,0.625,0.42141863699582754
GLSS-SM-R057-TP-01D-WXS-8RSLYG,-1.0,-1.0,0.5096153846153846,0.0,0.0,0.1969872537659328,-0.32066508313539194,0.057210965435041714,0.0,0.0,0.009411764705882352,0.0,0.0,0.0,0.0,1.0,1.0,-0.26724821570182394,-0.9870578084555651,1.0,1.0,0.0,0.0,0.35815602836879434,0.0,0.0,0.0,0.0,0.0,0.0,0.0,0.0057670126874279125,0.0,0.15728155339805824,1.0,1.0,0.0,0.0,0.40441176470588236,0.32962447844228093
GLSS-MD-0112-TP-01D-WXS-P1B0I2,-1.0,-1.0,0.0,0.0,1.0,1.0,0.0,0.0,0.0,-0.11172161172161173,0.0,0.12469437652811736,-0.04263959390862944,0.0,0.0,1.0,1.0,-0.10309278350515463,0.0,1.0,1.0,0.0,0.0,0.0,0.0,0.0,0.0,0.0,0.04363636363636364,0.0,0.0,0.0,-0.03125,0.0,1.0,1.0,0.0,0.0,-0.6507352941176471,-0.2517385257301808
GLSS-SM-R058-TP-01D-WXS-8BTMFP,-1.0,-1.0,0.06538461538461539,0.0,-0.621301775147929,-0.4380069524913094,0.0,-0.6090584028605482,0.04142011834319527,1.0,0.05647058823529412,0.0,0.0,0.0,0.058823529411764705,0.15102639296187684,-1.0,0.0,0.0,0.0,0.0,0.0,0.0,-1.0,0.0,0.0,-0.07679465776293823,0.5139500734214391,0.12,-0.9036334913112164,-1.0,-1.0,0.0,0.07378640776699029,-1.0,-1.0,0.0,0.0,0.16911764705882354,0.09457579972183588
GLSS-SM-R060-TP-01D-WXS-WWG8SV,-1.0,-1.0,0.3423076923076923,0.03626943005181347,0.0,0.2572421784472769,-0.12114014251781473,0.050059594755661505,0.0,0.0,0.0,0.0,-0.05888324873096447,0.0,0.0,1.0,1.0,1.0,1.0,-1.0,-1.0,1.0,0.023728813559322035,0.09929078014184398,0.0,0.0,0.0,-0.016152716593245228,-0.14545454545454545,0.0,0.0,0.0,0.0,0.9825242718446602,1.0,1.0,0.0,0.0,1.0,0.23504867872044508
GLSS-SM-R061-TP-01D-WXS-UZBY1Q,0.0,0.0,0.0,0.035233160621761656,1.0,0.34530706836616454,0.0,0.06436233611442194,0.0,0.0,0.15529411764705883,0.1466992665036675,0.06091370558375635,0.0,0.0,1.0,1.0,0.16494845360824742,0.8783433994823123,1.0,1.0,0.0,0.0,0.4326241134751773,0.0,0.0,0.1001669449081803,0.0,0.0,0.0,0.0,0.0,0.03125,0.0,0.8255208333333334,1.0,1.0,1.0,1.0,0.3588317107093185
GLSS-SM-R062-TP-01D-WXS-GVGM68,0.0,-0.3598901098901099,-1.0,-0.00932642487046632,-0.9112426035502958,0.008111239860950173,-0.5866983372921615,0.0,0.08520710059171598,0.0,0.0,-0.9706601466992665,1.0,0.0,0.0,-1.0,-1.0,0.0,0.0,-1.0,-0.00437636761487965,-1.0,-1.0,0.0,0.0,0.0,-0.015025041736227046,0.0,0.06181818181818182,0.07109004739336493,0.0,0.0,0.0,0.0,-0.0625,-0.16753246753246753,0.0,0.0,0.0,0.0
GLSS-SM-R063-TP-01D-WXS-UQC9Y9,1.0,1.0,0.0,0.0,1.0,0.9490150637311703,-0.9429928741092637,0.054827175208581644,0.04142011834319527,0.0,0.0,0.0,0.0,0.0,0.4196078431372549,-1.0,-1.0,0.0,0.41501294219154444,0.08482142857142858,0.0,0.0,0.0,0.0,0.024305555555555556,0.0,-0.021702838063439065,-0.8046989720998532,-0.26545454545454544,0.0,0.0,0.0,0.0,0.7087378640776699,0.8359375,0.8454545454545455,0.0,0.0,0.0,0.0
GLSS-SM-R064-TP-01D-WXS-16OKWU,-1.0,-1.0,0.4403846153846154,0.0,0.0,0.3406720741599073,-0.6817102137767221,0.06436233611442194,0.04142011834319527,0.0,0.0,0.0,-0.29644670050761424,0.0,0.0,1.0,1.0,-0.3053132434575734,0.5849870578084556,1.0,0.6148796498905909,0.0,0.0,0.4627659574468085,0.0,0.0,0.0,0.0,0.0,-0.0947867298578199,0.0,0.0,0.0,0.0,0.9635416666666666,1.0,0.0,0.0,1.0,0.3894297635605007
GLSS-SM-R065-TP-01D-WXS-4X5O86,-1.0,-1.0,0.4634615384615385,0.0,1.0,0.3348783314020857,0.0,0.0,0.04142011834319527,0.0,0.0,0.0,0.0,0.0,0.0,0.0,0.0,0.8080888183980968,0.46764452113891286,1.0,1.0,0.0,0.0,0.24822695035460993,0.0,0.0,0.0,-0.580029368575624,0.0,0.0,0.0,-0.0196078431372549,0.0,0.0,0.875,-1.0,0.0,0.0,1.0,0.5799721835883171
GLSS-SM-R066-TP-01D-WXS-YJN4OE,-1.0,-1.0,0.48846153846153845,-0.004145077720207254,0.0,0.3962920046349942,0.0,0.0,-0.9455621301775148,0.0,0.0,0.0,0.0,0.0,0.0,-1.0,-1.0,0.12133227597145123,0.0,-1.0,-1.0,0.0,0.0,0.46099290780141844,0.0,0.0,0.0,0.0,-0.27636363636363637,-0.001579778830963665,0.0,0.0,-0.08238636363636363,1.0,0.9895833333333334,1.0,0.0,0.0,0.4264705882352941,0.0
GLSS-SM-R067-TP-01D-WXS-LTGC1O,0.0,0.0,0.0,0.0,-1.0,0.055619930475086905,-0.6532066508313539,-1.0,0.0,-0.43223443223443225,-1.0,0.0,0.0,0.0,0.0,0.0,-0.1626095423563778,0.0,0.0,0.0,0.0,0.0,0.0,-1.0,0.0,0.0,0.0,0.0,0.0,0.0,0.0,0.0,-0.019886363636363636,0.0,1.0,1.0,0.0,0.0,-0.25,-0.4534075104311544
GLSS-SM-R068-TP-01D-WXS-5G9ZR6,-1.0,-1.0,0.4673076923076923,0.0,0.0,0.38006952491309387,0.0,0.05959475566150179,0.0,0.0,0.0,-0.20293398533007334,0.0,0.0,0.0,0.8328445747800587,1.0,-0.44805709754163364,-0.9870578084555651,1.0,1.0,0.0,0.0,0.4326241134751773,0.0,0.0,0.0,0.0,0.0,0.0,0.0,0.0,0.01278409090909091,1.0,0.9635416666666666,1.0,0.0,0.0,0.007352941176470588,0.40333796940194716
GLSS-SM-R069-TP-01D-WXS-EIPTR4,0.0,0.0,0.0,0.0,0.0,0.0,0.0,0.0,0.0,0.0,0.0,0.0,0.0,0.0,0.0,0.0,0.0,0.0,0.0,0.0,0.0,0.0,0.0,0.0,0.0,0.0,0.0,0.0,0.0,0.0,0.0,-0.0196078431372549,0.05113636363636364,0.0,0.0,0.0,0.0,0.0,0.0,0.0
GLSS-SM-R070-TP-01D-WXS-VLPMYS,0.0,-0.0782967032967033,0.0,0.0,0.40828402366863903,0.0,0.0,-1.0,0.0,0.8901098901098901,0.7058823529411765,-0.4841075794621027,0.7583756345177665,-1.0,-1.0,-1.0,-1.0,0.0,0.9887834339948232,0.0,0.0,0.0,0.0,-0.15602836879432624,1.0,1.0,0.0,0.0,0.0036363636363636364,0.6303317535545023,0.0,0.0,0.0,0.0,-0.23177083333333334,0.0,0.0,0.0,0.09191176470588236,1.0
GLSS-SM-R071-TP-01D-WXS-45QCP2,-1.0,-1.0,0.0,0.0,0.0,0.0,-1.0,0.0,0.0,0.0,0.0,0.15892420537897312,0.2802030456852792,-1.0,-1.0,-1.0,-1.0,0.0,-0.731665228645384,0.0,0.0,-1.0,-1.0,-1.0,0.0,0.0,-0.041736227045075125,0.0,0.0,0.0,0.0,0.0,0.01278409090909091,0.0,1.0,1.0,-1.0,-1.0,-0.14705882352941177,0.0
GLSS-SM-R072-TP-01D-WXS-QZZEMI,-1.0,-0.9917582417582418,-0.06346153846153846,-0.30466321243523314,0.9497041420118343,0.5643105446118193,-0.9857482185273159,-0.9785458879618594,0.4260355029585799,-0.13736263736263737,0.13647058823529412,-0.6112469437652812,-0.4050761421319797,0.75,0.7647058823529411,-0.8196480938416423,-0.7361246348588121,-0.03330689928628073,-0.4710957722174288,-0.16517857142857142,-0.5382932166301969,1.0,0.6033898305084746,-0.950354609929078,0.2309027777777778,0.545934530095037,-0.021702838063439065,0.762114537444934,0.20727272727272728,0.8830963665086888,0.7112299465240641,0.5893886966551326,0.5681818181818182,0.6601941747572816,-0.2604166666666667,0.2025974025974026,0.18618618618618618,0.4818355640535373,0.3088235294117647,0.16689847009735745
GLSS-SM-R075-TP-01D-WXS-06ZEZS,0.0,0.0,0.3076923076923077,0.08911917098445596,0.0,-0.015063731170336037,-0.1187648456057007,-1.0,-1.0,0.0,0.0,-0.13447432762836187,-0.19390862944162437,-1.0,-1.0,0.0,0.0,-0.05868358445678033,0.0,0.0,0.0,0.0,0.0,0.0,0.0,0.0,0.0,-0.06607929515418502,0.0,0.0,0.0,0.0,0.0,0.9281553398058252,0.8984375,0.8467532467532467,-0.1111111111111111,-0.9311663479923518,0.0,0.0
GLSS-SM-R095-TP-01D-WXS-KK4AF3,0.0,0.0,0.0,0.0,0.0,0.0,0.0,0.0,0.0,0.0,0.0,0.0,0.0,0.0,0.0,0.0,0.0,0.0,0.0,0.0,0.0,0.0,0.0,0.0,0.0,0.0,0.0,0.0,0.0,0.0,0.0,0.0,0.0,0.0,0.0,0.0,0.0,0.0,0.0,0.0
GLSS-SM-R096-TP-01D-WXS-VT1QFY,-1.0,-1.0,0.46923076923076923,0.0,-1.0,-0.32792584009269987,0.2494061757719715,0.0,0.0,0.0,0.0,0.0,0.0,0.0,0.0,1.0,1.0,0.0,-0.9870578084555651,1.0,1.0,0.0,0.0,-0.6418439716312057,0.0,0.0,0.0,0.0,0.0,0.0,0.0,0.0,0.0,0.0,0.9375,0.0,0.0,0.0,0.3235294117647059,0.37830319888734354
GLSS-SM-R097-TP-01D-WXS-CS9Y06,-1.0,-0.9615384615384616,0.4826923076923077,0.0,0.0,0.3314020857473928,0.0,0.05959475566150179,0.0,0.0,0.0,0.0,0.0,0.0,0.0,0.7947214076246334,1.0,-0.4662965900079302,-0.270060396893874,1.0,1.0,1.0,0.023728813559322035,0.1879432624113475,0.0,0.0,0.0,0.0,0.0,0.0,0.0,-0.006920415224913495,-0.017045454545454544,-0.40194174757281553,-0.75,-0.8363636363636363,0.0,0.0,-1.0,0.3184979137691238
GLSS-SM-R099-TP-01D-WXS-5Z45O8,-1.0,-1.0,0.0,0.0,0.0,0.3904982618771727,-1.0,0.07389749702026222,-1.0,0.0,0.0,-0.004889975550122249,0.0,0.0,0.0,-1.0,-1.0,0.08485329103885805,0.0,-1.0,-1.0,0.0,0.0,0.4574468085106383,0.0,0.0,0.0,0.0,0.0,0.0,0.0,0.0,0.004261363636363636,1.0,0.9583333333333334,1.0,1.0,1.0,1.0,0.34214186369958277
GLSS-SM-R100-TP-01D-WXS-9D7AET,-1.0,-1.0,0.0,-0.024870466321243522,0.0,0.3522595596755504,-1.0,-0.8593563766388558,0.0,-0.15934065934065933,-0.8894117647058823,0.0,0.0,0.0,0.0,-1.0,-1.0,-0.1379857256145916,0.0,-1.0,-1.0,0.0,0.0,-0.6382978723404256,0.0,0.0,0.0,0.0,0.0,-0.10268562401263823,0.0,0.0,-1.0,-1.0,1.0,1.0,0.0,0.0,-0.4852941176470588,-0.09318497913769123
GLSS-SM-R101-TP-01D-WXS-QXZ8TD,-1.0,-1.0,-0.013461538461538462,-0.48290155440414506,-0.8846153846153846,0.3429895712630359,-1.0,0.08104886769964244,0.1514792899408284,-1.0,-0.007058823529411765,0.0,0.0,0.0,-0.01568627450980392,1.0,1.0,-0.4425059476605868,-0.6919758412424504,1.0,0.986870897155361,1.0,0.3389830508474576,0.15425531914893617,-0.001736111111111111,0.005279831045406547,-0.001669449081803005,-0.007342143906020558,-0.01090909090909091,-0.1990521327014218,0.0,-0.01384083044982699,-0.5411931818181818,-0.42718446601941745,0.96875,0.8090909090909091,-0.006006006006006006,-0.25239005736137665,0.22794117647058823,0.3866481223922114
GLSS-SM-R102-TP-01D-WXS-LRPVGZ,0.0365296803652968,-0.005494505494505495,0.0,-0.38134715025906735,0.0,0.04519119351100811,0.0,0.0,0.02603550295857988,0.0,0.0,0.0,0.15634517766497463,0.0,-0.9137254901960784,0.13196480938416422,0.0,-0.2315622521808089,0.0,-0.17857142857142858,-0.03282275711159737,0.0,0.0,0.0,0.0,0.0,0.21535893155258765,0.0,-0.8909090909090909,0.01263823064770932,0.0,0.0,-0.017045454545454544,0.0,0.0,0.0,0.0,0.0,-1.0,-0.02920723226703755
GLSS-SM-R103-TP-01D-WXS-TBB9NO,-1.0,-1.0,1.0,1.0,0.0,0.36152954808806487,-1.0,0.0,-0.9822485207100592,-0.37362637362637363,0.0,0.0,0.0,0.0,0.0,0.0,0.0,0.13322759714512292,0.0,-1.0,-1.0,1.0,1.0,0.9397163120567376,-1.0,-1.0,1.0,1.0,1.0,1.0,0.0,0.0,1.0,1.0,0.9635416666666666,0.9181818181818182,1.0,1.0,0.0,0.0
GLSS-SM-R104-TP-01D-WXS-5BHW5V,-1.0,-0.9285714285714286,-0.7692307692307693,0.0,0.0,0.9524913093858632,0.0,-1.0,-0.659171597633136,0.0,-0.9952941176470588,1.0,1.0,1.0,1.0,0.0,0.0,0.0,0.0,0.0,0.0,0.0,0.0,-0.675531914893617,0.0,0.0,-1.0,-1.0,0.13090909090909092,0.0,1.0,0.9607843137254902,0.7926136363636364,-1.0,0.9635416666666666,1.0,0.0,0.0,0.029411764705882353,0.15159944367176634
GLSS-SM-R106-TP-01D-WXS-8H4HYR,-1.0,-1.0,-1.0,-0.9316062176165804,0.0,0.3464658169177289,-1.0,0.04529201430274136,0.0,0.0,0.0,-0.029339853300733496,-0.24771573604060915,0.0,0.0,-1.0,-1.0,-0.11022997620935765,0.0,-1.0,-1.0,0.0,0.0,0.43439716312056736,0.0,0.0,0.0,0.0,0.0,0.0,0.0,0.0,0.0,-0.945631067961165,0.890625,0.9428571428571428,0.0,0.0,-1.0,-0.29902642559109877
GLSS-SM-R107-TP-01D-WXS-NIBO3N,0.0,0.0,0.0,0.0,0.0,0.0,0.0,-1.0,0.0,0.0,0.0,0.0,0.0,0.0,0.0,0.0,-0.25511197663096397,0.0,0.0,0.0,0.0,0.0,0.0,0.0,0.0,0.0,0.0,0.0,0.0,0.0,0.0,0.0,0.014204545454545454,0.0,0.0078125,0.0,0.0,0.0,0.0,0.0
GLSS-SM-R108-TP-01D-WXS-KC4OXZ,-1.0,-0.8310439560439561,0.0,0.0,0.0,0.35341830822711473,0.0,0.014302741358760428,0.0,0.0,0.0,0.0,0.0,0.0,0.0,1.0,1.0,-0.232355273592387,0.0,1.0,1.0,0.0,0.0,0.0,0.0,0.0,0.0,0.0,0.007272727272727273,0.0,0.0,0.0,0.0,0.0,0.0,0.0,0.0,0.0,0.15073529411764705,-0.2767732962447844
GLSS-SM-R109-TP-01D-WXS-G7JJJZ,-1.0,-1.0,0.0,0.0,0.0,0.3499420625724218,-0.5581947743467933,0.0,0.0,0.0,0.0,0.0,-0.0416243654822335,0.0,0.0,1.0,1.0,-0.017446471054718478,0.0,-1.0,-1.0,0.0,0.0,0.6595744680851063,0.0,0.0,0.0,0.0,0.0,0.0,0.0,0.0,0.014204545454545454,0.0,0.9635416666666666,1.0,0.0,0.0,0.7279411764705882,0.38803894297635605
GLSS-SM-R110-TP-01D-WXS-5XSI28,-1.0,-1.0,0.0,-0.9937823834196892,0.0,0.3499420625724218,0.0,-0.9249106078665077,0.0,0.0,0.0,0.0,0.003045685279187817,0.0,0.0,-1.0,-1.0,0.0943695479777954,0.0,-1.0,-1.0,0.0,0.0,0.4397163120567376,0.0,-0.02006335797254488,0.0,0.0,0.0,0.0,0.0,-0.008073817762399077,0.0,-0.9631067961165048,0.9583333333333334,1.0,0.0,0.0,-1.0,-0.02920723226703755
GLSS-SU-0002-TP-01D-WXS-GLD7C5,-0.7214611872146118,0.02197802197802198,0.36923076923076925,-0.18238341968911917,-0.2958579881656805,-0.5677867902665121,0.0,-0.2026221692491061,-0.357396449704142,-1.0,-1.0,-0.9755501222493888,-0.03857868020304569,-1.0,0.17647058823529413,-0.9824046920821115,-1.0,-0.46788263283108644,0.09663503019844694,-0.11607142857142858,-0.3085339168490153,-1.0,-0.04745762711864407,-0.8971631205673759,-0.17708333333333334,-0.0781414994720169,-0.1419031719532554,-0.06167400881057269,0.2909090909090909,-0.00631911532385466,0.7272727272727273,-0.14878892733564014,0.0625,0.1766990291262136,0.375,-0.01038961038961039,-0.23723723723723725,0.35181644359464626,0.0,-0.15159944367176634
GLSS-SU-0239-TP-01D-WXS-22RFIM,0.8447488584474886,0.10714285714285714,0.38269230769230766,-0.20414507772020726,-0.28994082840236685,-0.3707995365005794,-1.0,-0.18951132300357568,0.11242603550295859,-0.9578754578754579,-0.8658823529411764,-0.8508557457212714,-0.7756345177664975,-1.0,-0.13725490196078433,-1.0,-1.0,-0.4107850911974623,0.15962036238136323,-0.13392857142857142,-0.5426695842450766,0.0,-0.023728813559322035,-0.9060283687943262,-0.3315972222222222,0.15311510031678988,0.00333889816360601,0.023494860499265784,0.4690909090909091,0.18167456556082148,0.7379679144385026,0.00461361014994233,0.07528409090909091,0.12233009708737864,0.3697916666666667,0.6441558441558441,-1.0,0.25430210325047803,-0.1213235294117647,-0.18776077885952713
GLSS-SU-0270-TP-01D-WXS-DFN90U,0.0,0.0,-0.5576923076923077,0.0,0.514792899408284,-0.1657010428736964,-0.6270783847980997,0.0,0.0,0.0,0.0,-0.1491442542787286,-0.008121827411167513,0.0,0.0,-1.0,-1.0,0.0,-0.023295944779982744,1.0,-0.13785557986870897,0.0,0.0,0.0,0.0,0.0,0.0,0.0,0.0,0.0,-0.6042780748663101,0.0,0.0,0.0,0.0,0.8636363636363636,-0.036036036036036036,0.43021032504780116,0.0,0.0
GLSS-SU-0005-TP-01D-WXS-I9QBMT,0.0,0.0,-0.1076923076923077,-0.043523316062176166,1.0,0.1205098493626883,0.0,0.0,0.0,0.0,0.0,-0.31295843520782396,0.0,0.0,0.0,-0.9178885630498533,-0.5287244401168452,0.0,0.26747195858498707,0.0,0.0,0.0,0.0,-0.03546099290780142,0.0,0.0,0.0,0.0,0.0,0.0,0.0,0.0,0.0,0.0,1.0,1.0,1.0,1.0,1.0,1.0
GLSS-SF-0163-TP-01D-WXS-N80CE4,0.0,0.0,0.0,0.1927461139896373,0.0,0.0,0.0,0.0,0.0,0.0,0.0,0.0,0.0,0.0,0.0,0.0,-0.7283349561830574,0.0,0.0,0.0,0.0,0.0,0.0,0.0,0.0,0.0,0.0,0.0,0.0,0.0,0.0,0.0,0.05113636363636364,0.07766990291262135,0.0,0.8064935064935065,0.0,0.5659655831739961,0.0,0.0
GLSS-LU-00A1-TP-01D-WXS-41PMU1,0.0,0.0,0.0,-0.0010362694300518134,0.0,0.0,0.0,0.0,0.0,0.016483516483516484,0.0,0.0,0.0,0.0,0.0,0.25219941348973607,0.9493670886075949,0.0031720856463124504,0.0,1.0,1.0,0.0,0.0,-0.02127659574468085,0.0,0.0,0.0,0.0,0.0,0.0,0.0,0.0,-0.16193181818181818,0.0,1.0,1.0,0.0,0.0,0.0,0.0
GLSS-LU-0B10-TP-01D-WXS-FUQXJ0,-1.0,-1.0,-0.04038461538461539,-0.043523316062176166,0.0,0.0,0.0,0.0,0.0,0.0,0.0,-0.8875305623471883,1.0,0.0,0.0,1.0,1.0,0.0,-0.04400345125107852,0.0,0.0,0.0,0.0,0.0,0.0,0.0,0.0,0.0,-0.16,-0.05529225908372828,-0.9786096256684492,-0.06228373702422145,-0.019886363636363636,-0.1262135922330097,1.0,1.0,-1.0,-0.0841300191204589,-1.0,-0.3031988873435327
GLSS-LU-0B12-TP-01D-WXS-JX61DS,-0.182648401826484,-0.1510989010989011,0.0,0.0,0.0,0.0,0.0,1.0,0.0,0.0,0.002352941176470588,1.0,1.0,1.0,1.0,1.0,1.0,1.0,0.996548748921484,1.0,1.0,0.0,0.0,0.0,0.0,0.0,0.0,0.0,0.0,0.0,0.0,-0.06920415224913495,-0.43323863636363635,0.0,1.0,1.0,0.0,0.0019120458891013384,0.0,0.0
GLSS-LU-0B13-TP-01D-WXS-H3ZZFP,0.0136986301369863,0.0,-0.009615384615384616,-0.04766839378238342,1.0,0.016222479721900347,-0.011876484560570071,0.0023837902264600714,-0.004733727810650888,0.016483516483516484,-0.011764705882352941,-0.12469437652811736,-0.030456852791878174,0.0,0.0,0.0,0.0019474196689386564,-0.007930214115781126,-0.058671268334771355,0.0,0.2910284463894967,1.0,1.0,0.0,-0.001736111111111111,0.23864836325237593,0.0,0.2687224669603524,0.0,0.0,0.0,-0.06920415224913495,-0.3664772727272727,-0.017475728155339806,1.0,1.0,0.0,0.4416826003824092,0.003676470588235294,0.0013908205841446453
GLSS-LU-00B9-TP-01D-WXS-RXEX90,-1.0,-1.0,0.0,0.0,0.0,0.0,0.0,0.0,0.0,0.0,0.0,0.0,-0.22538071065989848,0.0,-0.12156862745098039,0.0,0.0,0.0,0.0181190681622088,0.0,0.0,0.0,0.0,0.0,0.0,0.0,-0.001669449081803005,-0.6754772393538914,0.0,0.0,0.0,0.0,0.0,0.0,1.0,1.0,0.0,0.0,-1.0,-1.0
GLSS-LU-00C1-TP-01D-WXS-K8YYUW,-1.0,-1.0,0.0,0.0,0.0,0.0,-0.48931116389548696,0.0,0.0,0.0,0.0,0.0,0.03857868020304569,0.0,0.0,0.9838709677419355,1.0,0.007137192704203013,-0.031061259706643658,0.0,0.0,0.0,0.0,-1.0,0.0,0.0,0.0,0.0,0.0,0.0,0.0,0.0,-0.3821022727272727,-0.02330097087378641,1.0,1.0,0.0,-0.0076481835564053535,0.0,0.0
GLSS-LU-00C2-TP-01D-WXS-4OMXNF,-1.0,-1.0,-0.14423076923076922,-0.6911917098445596,0.011834319526627219,-0.25028968713789107,-1.0,0.4100119189511323,0.09349112426035502,0.43772893772893773,0.20470588235294118,-0.08068459657701711,-0.18071065989847715,1.0,1.0,0.5557184750733137,0.8003894839337877,0.05154639175257732,0.13028472821397757,1.0,0.8008752735229759,0.0,0.0,-0.5053191489361702,-0.5520833333333334,-0.03907074973600845,0.8163606010016694,0.40969162995594716,-0.9127272727272727,-0.8609794628751974,1.0,0.3460207612456747,-0.37357954545454547,0.2796116504854369,0.06770833333333333,0.34155844155844156,1.0,1.0,0.0,-0.1933240611961057
GLSS-LU-00C4-TP-01D-WXS-S4OOP1,-1.0,-1.0,-0.015384615384615385,-0.043523316062176166,0.0,0.0,0.0,-0.99880810488677,0.0,-0.1575091575091575,0.0,0.0,0.0,0.0,0.0,0.5205278592375366,-0.7409931840311588,-0.0753370340999207,0.0,0.0,0.0,0.0,0.0,-1.0,0.0,0.0,0.0,0.0,0.0,-0.1627172195892575,0.0,0.0,-0.01278409090909091,-0.7184466019417476,1.0,1.0,0.0,0.0,-1.0,-0.02920723226703755
GLSS-LU-00C7-TP-01D-WXS-WFSIQ7,-0.0228310502283105,-0.7307692307692307,-1.0,-0.3139896373056995,0.0,0.0,-0.7695961995249406,-1.0,0.0,0.0,-0.042352941176470586,0.0,0.0,-0.3409090909090909,-0.1843137254901961,0.08504398826979472,0.17039922103213243,1.0,0.8705780845556514,-0.39285714285714285,0.9912472647702407,0.0,0.0,0.9964539007092199,0.0,0.0,-1.0,0.13069016152716592,0.0,0.022116903633491312,-1.0,-0.5986159169550173,-0.6590909090909091,-0.6796116504854369,1.0,0.4155844155844156,0.0,0.0,-0.022058823529411766,0.3963838664812239
GLSS-SF-0338-TP-01D-WXS-XV38AN,0.0,-0.8571428571428571,-1.0,-0.007253886010362694,0.0,-0.9779837775202781,-1.0,0.0,-0.5940828402366863,-0.11721611721611722,0.0,-0.09046454767726161,-0.6101522842639594,0.0,0.0,0.06598240469208211,0.006815968841285297,-0.007137192704203013,-0.003451251078515962,0.0,0.0,-1.0,-0.09152542372881356,-0.7677304964539007,0.0,-0.16261879619852165,0.0,0.0,0.0,-0.1627172195892575,0.0,0.0,0.7428977272727273,0.0,0.0,0.0,0.0,0.6692160611854685,-0.25,0.0
GLSS-SF-0339-TP-01D-WXS-3GNODK,0.0,-0.11675824175824176,0.3769230769230769,0.8227979274611399,-0.26627218934911245,-0.21089223638470453,-0.13064133016627077,-0.06793802145411204,0.0,-0.38461538461538464,-0.4776470588235294,-0.25183374083129584,-0.31573604060913707,0.0,0.4470588235294118,-1.0,-0.7994157740993184,-0.22997620935765264,-0.12165660051768766,0.0,-0.36980306345733044,-1.0,-0.43050847457627117,-1.0,0.0,-0.06019007391763464,0.15859766277128548,0.2276064610866373,0.0,-0.05055292259083728,-0.08021390374331551,0.2918108419838524,0.10227272727272728,-0.5611650485436893,-0.12239583333333333,-0.17402597402597403,-0.14414414414414414,-0.2084130019120459,-0.4963235294117647,-0.1780250347705146
GLSS-MD-0027-TP-01D-WXS-OAQEYZ,0.9223744292237442,0.0,-0.3211538461538462,-0.05595854922279793,0.8461538461538461,-0.45886442641946695,0.8931116389548693,-0.04767580452920143,-0.03076923076923077,0.0,0.0,0.1271393643031785,-0.08527918781725888,0.0,0.0,-0.6334310850439883,-0.9834469328140214,-0.003965107057890563,-0.15271786022433131,0.0,0.0,-1.0,-1.0,0.0,0.0,-0.16684266103484688,0.0,0.0,0.0,0.0,-0.1443850267379679,-0.447520184544406,-0.01278409090909091,0.011650485436893204,0.6197916666666666,1.0,0.0,0.0,0.0,0.0
GLSS-HF-2548-TP-01D-WXS-CPWUK8,-1.0,-0.9835164835164835,-0.1,-0.47150259067357514,-0.3047337278106509,-0.5515643105446119,-0.06175771971496437,-1.0,-0.08875739644970414,-1.0,-1.0,-0.980440097799511,-0.8598984771573605,0.0,0.0,0.3519061583577713,0.8266796494644596,-0.5908009516256939,-0.23899913718723037,-0.008928571428571428,1.0,0.0,0.0,-1.0,-0.006944444444444444,0.09186906019007392,-0.15859766277128548,-0.16593245227606462,1.0,1.0,-0.0213903743315508,-0.17531718569780855,-0.078125,-0.8349514563106796,0.9401041666666666,0.8454545454545455,-0.23723723723723725,-0.015296367112810707,-0.41544117647058826,-0.19610570236439498
GLSS-HF-2829-TP-01D-WXS-1OMY6S,-1.0,-1.0,0.20384615384615384,-0.4227979274611399,0.14792899408284024,-0.3314020857473928,0.21377672209026127,0.07985697258641239,-0.6059171597633136,-0.8406593406593407,-0.548235294117647,-0.9657701711491442,-0.6081218274111675,0.6590909090909091,0.8784313725490196,-0.21700879765395895,0.29795520934761444,-0.19111816019032513,0.17773943054357205,1.0,0.8424507658643327,0.0,0.006779661016949152,-1.0,-0.4791666666666667,-0.01689545934530095,-0.3105175292153589,-0.1644640234948605,0.36,0.2211690363349131,0.5828877005347594,-0.07381776239907728,-0.061079545454545456,0.23883495145631067,0.796875,0.5727272727272728,-1.0,-0.4875717017208413,-0.6433823529411765,-0.07788595271210014
GLSS-HF-2869-TP-01D-WXS-PNBQFR,-1.0,-1.0,-1.0,-1.0,1.0,0.7960602549246814,-0.32066508313539194,-1.0,0.1621301775147929,0.0,0.0,-1.0,-1.0,1.0,1.0,1.0,1.0,0.3338620142743854,-0.054357204486626405,0.9330357142857143,-0.562363238512035,-1.0,-1.0,-0.7677304964539007,0.0,0.21858500527983105,-1.0,0.2011747430249633,1.0,0.8009478672985783,1.0,1.0,-0.8011363636363636,-0.7766990291262136,0.875,0.4909090909090909,-1.0,-1.0,-1.0,-1.0
GLSS-HF-2919-TP-01D-WXS-MIYI2Q,-1.0,-1.0,0.5153846153846153,-0.39896373056994816,-0.04437869822485207,-0.32329084588644263,0.0,-0.7246722288438617,-0.09585798816568047,-1.0,-1.0,-1.0,-1.0,0.0,0.0,-0.9706744868035191,-0.8325219084712756,-0.7335448057097541,-0.10612597066436583,-0.05803571428571429,0.0087527352297593,0.0,0.0,-1.0,-0.027777777777777776,0.12777191129883844,-0.11853088480801335,-0.049926578560939794,0.0,0.0,0.13368983957219252,0.0922722029988466,0.06960227272727272,0.027184466019417475,1.0,1.0,0.0,0.0,-0.10661764705882353,-0.14603616133518776
GLSS-HF-2934-TP-01D-WXS-OIDP86,-1.0,-1.0,0.0,0.0,0.0,-0.26998841251448435,-1.0,0.0,0.0,-1.0,-1.0,-1.0,-1.0,0.0,0.0,0.0,0.1460564751703992,-0.6661379857256146,-0.27092320966350303,0.0,0.0,0.0,0.0,-1.0,0.0,0.025343189017951427,-0.14524207011686144,-0.0631424375917768,0.0,0.0,0.0,-0.06228373702422145,0.15056818181818182,0.019417475728155338,0.9375,0.8454545454545455,0.0,0.0,-0.39705882352941174,-0.17663421418636996
GLSS-HF-2998-TP-01D-WXS-0R9KZC,-1.0,-1.0,-0.08846153846153847,0.0,0.0,-0.21205098493626884,0.030878859857482184,0.0,0.0,-0.7234432234432234,-1.0,0.0,0.0,-1.0,-1.0,-1.0,-1.0,-0.5725614591593973,-0.2614322691975841,1.0,1.0,0.0,0.0,-1.0,0.0,0.022175290390707498,0.0,-0.10866372980910426,0.0,0.0,0.40641711229946526,0.0,0.0,0.0,0.8697916666666666,0.512987012987013,0.0,0.28489483747609945,0.0,0.0
GLSS-HF-3016-TP-01D-WXS-LVAM11,-1.0,-1.0,-1.0,-1.0,0.0,0.038238702201622246,0.0,-0.19547079856972585,-1.0,1.0,1.0,-0.9706601466992665,0.9939086294416244,1.0,1.0,0.6363636363636364,-0.02044790652385589,1.0,1.0,0.0,0.0,-1.0,-1.0,-1.0,0.0,0.0,1.0,1.0,1.0,1.0,1.0,1.0,-1.0,-1.0,1.0,1.0,-1.0,-1.0,0.0,0.0
GLSS-HF-3050-TP-01D-WXS-ECTQ63,-1.0,-1.0,0.5307692307692308,0.09430051813471503,0.2781065088757396,-0.4183082271147161,-1.0,-0.09654350417163289,0.08402366863905325,-0.86996336996337,-0.7529411764705882,-0.863080684596577,-0.43451776649746193,-1.0,-0.09019607843137255,-0.9472140762463344,-0.8286270691333982,-0.11816019032513878,0.37359792924935287,-0.125,-0.13347921225382933,1.0,0.4542372881355932,-0.8031914893617021,-0.2638888888888889,-0.20591341077085534,0.5459098497495827,0.08076358296622614,-0.07272727272727272,0.0,0.6737967914438503,0.4809688581314879,0.48863636363636365,0.7689320388349514,0.875,0.7831168831168831,-0.23723723723723725,0.03824091778202677,1.0,1.0
GLSS-HF-3081-TP-01D-WXS-V0EK51,0.9452054794520548,-1.0,-1.0,0.9937823834196892,1.0,0.7207415990730012,-1.0,-0.2872467222884386,0.12189349112426036,0.945054945054945,-0.9952941176470588,-1.0,-1.0,-1.0,-1.0,0.0,-0.07205452775073028,0.4321966693100714,-1.0,1.0,1.0,-1.0,-1.0,-1.0,-0.9131944444444444,1.0,1.0,-0.9970631424375918,0.0,0.0,-1.0,-0.6124567474048442,1.0,-0.6116504854368932,-0.8984375,-0.7207792207792207,1.0,1.0,-1.0,0.9415855354659249
GLSS-HF-3118-TP-01D-WXS-KVSTBB,-1.0,-1.0,0.0,0.0,0.0,0.0,0.0,0.0,0.0,-1.0,-1.0,0.0,0.0,0.0,0.0,1.0,1.0,0.0,0.0,1.0,1.0,0.0,0.0,0.0,0.0,0.0,0.0,-0.033773861967694566,0.0,0.0,0.0,0.0,-0.5838068181818182,-0.8349514563106796,0.484375,1.0,0.0,-0.011472275334608031,-0.5698529411764706,0.0
GLSS-HF-3162-TP-01D-WXS-HTQZ6B,-0.5159817351598174,-0.3076923076923077,0.3557692307692308,-0.039378238341968914,0.026627218934911243,-0.30359212050984935,0.10926365795724466,-0.12872467222884387,0.001183431952662722,-0.8223443223443223,-0.6164705882352941,-0.9046454767726161,-0.583756345177665,-0.625,0.23137254901960785,-0.9472140762463344,-0.8003894839337877,-0.295796986518636,0.08283002588438308,-0.08482142857142858,-0.015317286652078774,0.0,0.16271186440677965,-0.7872340425531915,-0.1597222222222222,0.05279831045406547,0.0,0.0763582966226138,0.6290909090909091,0.29541864139020535,0.7967914438502673,-0.012687427912341407,0.4119318181818182,0.17281553398058253,0.19791666666666666,-0.015584415584415584,-0.1891891891891892,0.0057361376673040155,-0.6029411764705882,-0.4993045897079277
GLSS-HK-0001-TP-01D-WXS-T9JTHB,-0.9315068493150684,-0.5357142857142857,0.0,0.0,0.0,0.0,-0.09263657957244656,-0.03575685339690107,0.029585798816568046,0.0,0.0,-0.687041564792176,1.0,-1.0,-0.00392156862745098,-0.9736070381231672,0.005842259006815969,0.0,0.0,-0.8125,-0.08315098468271334,0.0,0.0,-1.0,0.0,0.0,0.0,0.0,0.0,0.07582938388625593,-0.1711229946524064,-1.0,0.0,0.0,-0.9166666666666666,0.0,0.0,0.0,0.5772058823529411,1.0
GLSS-HK-0002-TP-01D-WXS-B6GOP4,0.0,0.0,0.0,0.0,1.0,0.0880648899188876,-0.08788598574821853,0.0,0.12544378698224853,0.0,0.0,0.0,0.0,0.4772727272727273,0.0,0.0,0.0,0.0,0.0,0.03571428571428571,1.0,0.0,0.0,0.0,0.059027777777777776,0.0,0.0,0.0,0.0,-0.4597156398104265,0.0,0.0,0.0,0.0,1.0,1.0,1.0,1.0,0.5441176470588235,1.0
GLSS-HK-0004-TP-01D-WXS-1K451O,-1.0,-1.0,0.0,-0.21139896373056996,0.0,0.0,-0.8907363420427553,0.0,0.0,0.0,0.0,-1.0,0.0,0.0,0.0,0.0,-0.34469328140214217,0.0,-0.22605694564279552,1.0,1.0,0.0,0.0,-0.18262411347517732,-1.0,-0.0031678986272439284,0.0,0.0,0.0,0.0,0.0,-0.0196078431372549,0.0,0.0,0.0,0.014285714285714285,0.0,0.4646271510516252,0.0,0.0
GLSS-JX-0006-TP-01D-WXS-TJWESP,0.9726027397260274,-0.3557692307692308,-0.6730769230769231,0.0,0.0,-0.9976825028968713,0.0,0.0,0.0,0.0,-0.05411764705882353,0.0,0.0,0.0,-0.0392156862745098,0.0,0.0,0.0,0.0,0.0,-0.06783369803063458,1.0,-0.05423728813559322,0.0,-0.003472222222222222,-0.1583949313621964,-0.7512520868113522,-0.6240822320117474,-0.07636363636363637,0.0,0.0,-0.9965397923875432,0.0,0.0,0.0,0.7701298701298701,0.996996996996997,0.51434034416826,0.07352941176470588,0.0
GLSS-MG-0001-TP-01D-WXS-7CRPEF,-0.9817351598173516,-0.9917582417582418,-0.07307692307692308,-0.44352331606217615,-0.8047337278106509,-0.8563151796060255,-0.1187648456057007,-0.9880810488676997,-0.15857988165680473,0.9908424908424909,1.0,0.5256723716381418,0.36446700507614216,0.0,-0.24705882352941178,0.3841642228739003,-0.2804284323271665,0.2458366375892149,0.7955133735979293,1.0,0.9343544857768052,1.0,0.4033898305084746,-0.9804964539007093,0.4704861111111111,0.26504751847940866,-0.9031719532554258,0.9853157121879589,-1.0,-0.9557661927330173,-0.11764705882352941,0.5305651672433679,0.37357954545454547,-0.062135922330097085,0.953125,-0.07012987012987013,0.12612612612612611,0.3231357552581262,0.029411764705882353,0.3866481223922114
GLSS-MG-0002-TP-01D-WXS-W3JS2F,-1.0,-1.0,-1.0,-1.0,0.0,0.02433371958285052,0.0,0.0,0.0,0.0,0.0,0.0,0.0,0.0,0.0,0.0,0.0,0.0,-0.03537532355478861,0.0,0.0,0.0,0.0,0.0,0.0,0.0,0.0,0.0,0.0,0.0,0.0,0.0,-0.13352272727272727,-0.021359223300970873,1.0,1.0,-1.0,-1.0,0.0,0.0
GLSS-MG-0003-TP-01D-WXS-SRC20T,-1.0,-1.0,0.0,-0.10673575129533679,0.0,-0.04287369640787949,0.0,-0.11084624553039332,-0.04142011834319527,-0.19597069597069597,0.0,0.0,0.0,0.0,0.0,0.9706744868035191,0.9415774099318404,-0.045995241871530534,0.0,1.0,1.0,0.0,0.0,0.0,0.0,0.0,0.0,0.0,0.0,0.0,0.0,0.0,-0.014204545454545454,0.0,0.84375,0.9545454545454546,0.0,-0.032504780114722756,-0.0625,0.0
GLSS-MG-0005-TP-01D-WXS-MD8RED,-1.0,-1.0,-0.95,-0.910880829015544,-0.8579881656804734,-0.8887601390498262,0.0,0.12038140643623362,-0.5502958579881657,-0.1446886446886447,0.0,0.5281173594132029,0.5208121827411167,0.0,0.0,1.0,1.0,-0.1895321173671689,0.5332182916307161,0.0,0.0,0.0,-0.2033898305084746,-0.8191489361702128,0.03125,-0.10770855332629356,0.29716193656093487,0.4948604992657856,0.0,0.0,-0.42245989304812837,0.0011534025374855825,0.44176136363636365,-0.007766990291262136,0.7994791666666666,0.16233766233766234,-0.954954954954955,-1.0,-0.8272058823529411,-1.0
GLSS-MG-0006-TP-01D-WXS-VSER24,-1.0,-1.0,0.0,0.0,0.0,0.0,0.0,0.0,0.0,0.0,0.0,0.0,0.0,0.0,0.0,-1.0,-1.0,-0.08961141950832673,0.0,0.0,0.0,-1.0,-0.02711864406779661,-0.5070921985815603,0.0,-0.02006335797254488,0.0,-0.01908957415565345,0.0,0.011058451816745656,1.0,0.9815455594002307,0.019886363636363636,0.0,1.0,1.0,0.0,0.0,-0.8125,-0.02920723226703755
GLSS-MG-0007-TP-01D-WXS-BNZXM5,-1.0,-1.0,0.0,0.0,0.0,0.0,-1.0,-1.0,0.0,0.0,0.0,0.0,-0.21725888324873097,0.0,0.0,0.0,0.0,0.0,0.0,0.0,0.0,0.0,0.0,-1.0,0.0,0.0,0.0,0.0,0.0,0.0,0.0,0.0,-1.0,-1.0,0.0,0.0,0.0,0.0,-0.8529411764705882,0.0
GLSS-MG-0009-TP-01D-WXS-A83E13,-1.0,-1.0,0.0,0.0,0.0,0.0,0.0,-1.0,-0.8130177514792899,-0.37545787545787546,-1.0,-1.0,-1.0,0.0,0.0,0.0,-0.7925998052580331,-0.7335448057097541,-0.28559102674719583,0.0,0.0,0.0,0.0,-1.0,0.0,-0.43083421330517424,0.0,-0.08663729809104258,0.0,0.0,0.0,0.03460207612456748,0.009943181818181818,0.0,1.0,1.0,0.0,0.0,-0.5882352941176471,0.0
GLSS-MG-0010-TP-01D-WXS-V8HH7C,-1.0,-1.0,0.0,0.0,0.0,0.0,-0.7244655581947743,-0.09654350417163289,0.0,0.0,0.0,0.0,0.0,0.0,0.0,0.0,0.0,0.0,0.0,0.0,0.0,0.0,0.0,-0.8014184397163121,0.0,-0.009503695881731784,0.0,0.0,0.0,0.0,0.0,0.0,0.0,0.0,1.0,1.0,0.0,0.0,-0.22426470588235295,0.0
GLSS-MG-0011-TP-01D-WXS-3B08NI,-1.0,-1.0,0.0,0.0,0.0,0.0,-1.0,-0.432657926102503,0.0,-0.7380952380952381,0.0,0.0,0.0,0.0,0.0,-1.0,-1.0,-0.0023790642347343376,0.0,0.0,0.0,0.0,0.0,0.0,0.0,0.0,0.0,0.0,0.0,0.023696682464454975,0.0,0.0,0.0,0.0,1.0,1.0,0.0,0.0,0.0,0.0
GLSS-MG-0015-TP-01D-WXS-XPXMSK,-1.0,-1.0,0.0,0.0,0.0,-0.20393974507531865,0.0,0.014302741358760428,0.0,0.0,0.0,0.0,0.0,0.0,0.0,1.0,1.0,0.0,0.0,1.0,1.0,0.0,0.0,0.0,0.0,0.0,-0.20868113522537562,1.0,0.0,0.0,-0.0053475935828877,-0.02422145328719723,0.0,0.0,1.0,1.0,0.0,0.0,-0.058823529411764705,0.0
GLSS-MD-0025-TP-01D-WXS-F3H10V,-1.0,-1.0,0.0,0.41761658031088084,-0.650887573964497,0.0,-1.0,-1.0,0.0,-0.22893772893772893,-0.3058823529411765,0.0,0.0,-1.0,-1.0,-1.0,-1.0,-0.2315622521808089,0.9887834339948232,0.0,0.0,0.0,0.0,-1.0,0.0,0.0,0.0,-0.604992657856094,0.0,0.0,0.0,0.0,0.0,0.0,1.0,1.0,0.0,0.0,-0.10661764705882353,0.0
GLSS-MD-0088-TP-01D-WXS-APZEF6,0.0,0.0,0.0,0.22279792746113988,0.0,0.0,-1.0,-0.05959475566150179,0.0,0.0,0.0,0.0,0.0,0.0,0.0,-1.0,-0.5666991236611489,0.0,0.0,0.0,0.0,0.0,0.0,0.0,0.0,0.0,0.0,0.0,0.0,0.0,0.0,-0.2122260668973472,0.019886363636363636,0.0,0.0,0.0,0.9219219219219219,0.0,0.0,0.0
GLSS-MD-0091-TP-01D-WXS-VO372O,0.8904109589041096,0.0,-0.5019230769230769,0.8746113989637305,0.0,0.0,0.0,0.0,0.0,0.0,0.0,-0.07334963325183375,0.0,0.0,0.0,-1.0,-1.0,-0.33148295003965106,0.0,-0.044642857142857144,0.0,0.0,0.0,0.0,-0.3611111111111111,0.0,0.4674457429048414,0.0,0.0,0.0,-0.40106951871657753,-0.19953863898500576,0.0625,0.0,0.0,0.7220779220779221,0.0,0.4340344168260038,0.36764705882352944,1.0
GLSS-MD-0093-TP-01D-WXS-YMF2N3,0.0,0.0,-0.34615384615384615,0.0,0.0,0.0,0.0,0.0,0.0,0.0,0.0,-0.03178484107579462,-0.25583756345177666,0.7840909090909091,0.0,-1.0,-1.0,0.0,0.0,0.0,0.0,-1.0,-0.023728813559322035,0.0,-0.7690972222222222,0.0,0.0,0.0,0.0,-0.4928909952606635,-0.21390374331550802,0.0,-0.16761363636363635,1.0,0.0,0.0,0.0,0.97131931166348,0.0,0.0
GLSS-MD-0094-TP-01D-WXS-VVCCM6,-0.0091324200913242,0.0,-0.4634615384615385,0.0,1.0,-0.46929316338354576,0.0,-0.1907032181168057,0.0,0.0,0.0,0.0,-0.006091370558375634,0.0,0.0,-1.0,-1.0,0.0,0.0,0.0,0.0,1.0,1.0,0.0,0.0,-0.1805702217529039,-0.46243739565943237,0.0,-1.0,-0.1627172195892575,0.0,0.0,0.0,0.5281553398058253,0.0,0.7779220779220779,0.0,0.0,0.0,0.0
GLSS-MD-LP01-TP-01D-WXS-RFYAC8,0.0,-0.20604395604395603,-0.08269230769230769,-0.04766839378238342,-0.257396449704142,0.08227114716106605,-1.0,-0.007151370679380214,-0.2579881656804734,-0.24175824175824176,-0.19058823529411764,-0.1198044009779951,-0.10761421319796954,0.0,0.0,-0.6979472140762464,-0.8967867575462513,-0.09199048374306107,0.2459016393442623,0.0,0.0,1.0,0.16610169491525423,0.0,0.03819444444444445,-0.12249208025343189,0.0,0.0,0.0,0.0,-0.21390374331550802,-0.06920415224913495,-0.6619318181818182,-0.141747572815534,0.0,0.033766233766233764,0.0,0.0,0.0,-0.3532684283727399
GLSS-MD-LP02-TP-01D-WXS-OC178I,-0.8904109589041096,-1.0,0.5692307692307692,1.0,0.0,0.008111239860950173,1.0,-0.23480333730631706,0.44733727810650886,0.0,0.0,0.0,0.3756345177664975,1.0,0.00392156862745098,-0.8680351906158358,-0.9610516066212269,0.4512291831879461,1.0,0.0,0.0,0.0,-0.04406779661016949,0.0,0.06076388888888889,-0.6557550158394931,1.0,0.14243759177679882,1.0,-0.8925750394944708,0.0,-0.2664359861591695,0.0,0.0,-0.8958333333333334,0.0,0.0,-0.23135755258126195,-0.45955882352941174,-0.5243393602225312
GLSS-MD-LP04-TP-01D-WXS-05SV1D,-1.0,-1.0,-0.41346153846153844,-0.024870466321243522,0.014792899408284023,0.0,-1.0,0.0,0.0,-1.0,-1.0,0.0,0.0,0.0,0.0,1.0,1.0,0.6383822363203806,0.47540983606557374,0.0,0.0,0.0,-0.3694915254237288,-1.0,0.0,0.011615628299894404,0.07178631051752922,0.0,0.0,0.0,-0.4117647058823529,0.09573241061130335,0.0,0.0,1.0,1.0,0.0,0.0,0.0,-0.2086230876216968
GLSS-MD-LP10-TP-01D-WXS-2KGBKN,-1.0,-1.0,-0.3230769230769231,-0.004145077720207254,-0.029585798816568046,-0.02549246813441483,-1.0,0.2550655542312277,-1.0,-0.2271062271062271,0.0,0.019559902200488997,-0.18578680203045686,0.0,0.0,0.5278592375366569,-0.7419668938656281,-0.2014274385408406,0.007765314926660914,0.0,0.0,0.0,-0.31186440677966104,0.0,0.8975694444444444,0.4825765575501584,1.0,0.9618208516886931,0.0,0.0,-0.13368983957219252,-0.010380622837370242,-0.036931818181818184,0.0,1.0,1.0,0.0,0.0,0.0,-0.05702364394993046
