,7_TCGA_hg19,10_TCGA_hg19,EGFR_hg19,7_TCGA_hg38,10_TCGA_hg38,EGFR_hg38,7_UCSC_hg19,10_UCSC_hg19,EGFR_ucsc
TCGA-02-0003,0.8578856152512998,-0.9957761351636748,2.0,0.8542478565861262,-0.9962825278810409,2.0,0.8394849785407725,-1.0,2.0
TCGA-02-0033,0.9991334488734835,-0.9989440337909187,1.0,0.995323460639127,-0.9897769516728625,1.0,0.9991416309012876,-1.0,1.0
TCGA-02-0047,0.010398613518197574,0.0,0.0,0.0171473109898675,-0.0027881040892193307,0.0,0.0,0.0,0.0
TCGA-02-0055,0.9965337954939342,-0.9936642027455121,1.0,0.9968823070927514,-0.9981412639405205,1.0,1.0,-1.0,1.0
TCGA-02-2470,0.9991334488734835,-0.006335797254487857,1.0,0.9992205767731879,-0.0009293680297397769,1.0,0.9991416309012876,0.0,1.0
TCGA-02-2483,0.06932409012131716,-0.9545934530095037,0.0,0.20265003897116135,-0.9488847583643123,0.0,0.0,-0.9675785207700102,0.0
TCGA-02-2485,0.9991334488734835,-1.0,2.0,0.9984411535463756,-1.0,2.0,0.9974248927038627,-1.0,2.0
TCGA-02-2486,0.9974003466204506,-0.9989440337909187,2.0,1.0,-1.0,2.0,0.9991416309012876,-1.0,1.0
TCGA-06-0119,0.9956672443674177,-0.9989440337909187,1.0,0.9976617303195635,-0.9860594795539034,1.0,0.9991416309012876,-1.0,1.0
TCGA-06-0122,0.3596187175043328,-1.0,2.0,0.37957911145752143,-1.0,2.0,0.35536480686695276,-1.0,2.0
TCGA-06-0124,0.9965337954939342,-1.0,2.0,0.9992205767731879,-1.0,2.0,0.9991416309012876,-1.0,2.0
TCGA-06-0125,0.9982668977469671,-0.8711721224920802,2.0,1.0,-0.8559479553903345,2.0,0.9991416309012876,-0.8591691995947315,2.0
TCGA-06-0126,0.9913344887348353,-0.9989440337909187,2.0,0.9922057677318784,-0.9990706319702602,2.0,0.9896995708154507,-1.0,2.0
TCGA-06-0128,0.8639514731369151,-0.9746568109820486,1.0,1.0,-0.9814126394052045,1.0,1.0,-0.9868287740628167,1.0
TCGA-06-0129,0.006932409012131715,-0.7888067581837381,0.0,0.034294621979735,-0.6384758364312267,0.0,0.0,-0.6261398176291794,0.0
TCGA-06-0130,0.9982668977469671,-1.0,1.0,0.9976617303195635,-1.0,1.0,0.9991416309012876,-1.0,1.0
TCGA-06-0132,0.987001733102253,-0.989440337909187,2.0,0.9968823070927514,-0.9944237918215614,2.0,0.9991416309012876,-1.0,2.0
TCGA-06-0137,0.9228769497400346,-0.9989440337909187,2.0,0.9259547934528449,-0.9990706319702602,2.0,0.9201716738197425,-1.0,2.0
TCGA-06-0139,0.2027729636048527,-0.8859556494192186,0.0,0.2034294621979735,-0.8894052044609665,0.0,0.9991416309012876,-0.9432624113475178,1.0
TCGA-06-0140,0.9991334488734835,-1.0,1.0,0.9992205767731879,-0.9907063197026023,1.0,0.9991416309012876,-1.0,1.0
TCGA-06-0141,1.0,-0.9883843717001056,1.0,0.9976617303195635,-0.9925650557620818,1.0,0.9991416309012876,-1.0,1.0
TCGA-06-0142,0.2045060658578856,-0.6642027455121436,2.0,0.2034294621979735,-0.1171003717472119,2.0,0.015450643776824034,0.0,2.0
TCGA-06-0145,0.9948006932409013,-0.9989440337909187,2.0,1.0,-0.9990706319702602,2.0,0.9991416309012876,-1.0,2.0
TCGA-06-0151,1.0,-0.9989440337909187,1.0,1.0,-0.9990706319702602,1.0,0.9991416309012876,-1.0,1.0
TCGA-06-0152,0.9679376083188909,-0.996832101372756,2.0,0.9680436477007015,-0.9953531598513011,2.0,0.9622317596566523,-1.0,2.0
TCGA-06-0154,0.6793760831889082,-0.9746568109820486,2.0,0.6648480124707716,-0.9646840148698885,2.0,0.6755364806866953,-0.9716312056737588,2.0
TCGA-06-0155,0.9826689774696707,-1.0,2.0,0.9820732657833203,-0.9981412639405205,2.0,0.9819742489270387,-1.0,2.0
TCGA-06-0157,0.9982668977469671,-0.9978880675818373,2.0,1.0,-0.9962825278810409,2.0,0.9991416309012876,-0.9959473150962512,2.0
TCGA-06-0158,0.27642980935875217,-1.0,2.0,0.2720187061574435,-1.0,2.0,0.2669527896995708,-1.0,2.0
TCGA-06-0165,0.0025996533795493936,-0.0010559662090813093,0.0,0.003897116134060795,-0.0027881040892193307,0.0,0.0,0.0,0.0
TCGA-06-0166,0.9930675909878682,-1.0,1.0,0.9773967264224473,-0.9953531598513011,2.0,0.9991416309012876,-1.0,1.0
TCGA-06-0168,0.9922010398613518,-0.9989440337909187,1.0,0.9984411535463756,-0.9953531598513011,1.0,0.9991416309012876,-1.0,1.0
TCGA-06-0169,0.9662045060658578,-0.9978880675818373,2.0,0.9672642244738893,-0.9981412639405205,2.0,0.9682403433476395,-1.0,2.0
TCGA-06-0171,0.9982668977469671,-1.0,1.0,0.9984411535463756,-1.0,1.0,0.9982832618025751,-1.0,1.0
TCGA-06-0173,1.0,-1.0,2.0,1.0,-1.0,2.0,0.9991416309012876,-1.0,2.0
TCGA-06-0174,0.9930675909878682,-1.0,1.0,0.995323460639127,-1.0,2.0,0.9991416309012876,-1.0,2.0
TCGA-06-0184,0.5909878682842288,-0.9989440337909187,1.0,0.5580670303975058,-1.0,1.0,0.5313304721030043,-1.0,2.0
TCGA-06-0185,1.0,-0.996832101372756,2.0,1.0,-1.0,2.0,0.9991416309012876,-1.0,2.0
TCGA-06-0187,0.6785095320623917,-1.0,2.0,0.6703039750584567,-1.0,2.0,0.6815450643776824,-1.0,2.0
TCGA-06-0188,0.9982668977469671,-1.0,1.0,0.9992205767731879,-1.0,1.0,1.0,-1.0,1.0
TCGA-06-0189,0.9974003466204506,-0.9820485744456178,1.0,0.9898674980514419,-0.9795539033457249,2.0,0.9991416309012876,-1.0,2.0
TCGA-06-0190,0.9930675909878682,-0.996832101372756,1.0,1.0,-1.0,1.0,0.9991416309012876,-1.0,1.0
TCGA-06-0192,0.9982668977469671,-1.0,1.0,0.9992205767731879,-1.0,2.0,1.0,-1.0,1.0
TCGA-06-0195,1.0,-0.9978880675818373,1.0,1.0,-0.9981412639405205,1.0,0.9991416309012876,-0.9979736575481256,1.0
TCGA-06-0209,0.9991334488734835,-1.0,2.0,0.9992205767731879,-1.0,2.0,0.9991416309012876,-1.0,2.0
TCGA-06-0210,1.0,-1.0,1.0,0.9961028838659393,-1.0,1.0,0.9991416309012876,-1.0,1.0
TCGA-06-0211,0.9913344887348353,-1.0,2.0,0.9898674980514419,-1.0,2.0,0.992274678111588,-1.0,2.0
TCGA-06-0213,0.9982668977469671,-0.4498416050686378,2.0,1.0,-0.44609665427509293,1.0,0.9991416309012876,-0.45288753799392095,1.0
TCGA-06-0214,0.9982668977469671,-0.989440337909187,2.0,1.0,-0.9888475836431226,2.0,0.9991416309012876,-0.9888551165146909,2.0
TCGA-06-0216,0.9982668977469671,-0.996832101372756,2.0,1.0,-0.9981412639405205,2.0,0.9991416309012876,-1.0,2.0
TCGA-06-0219,0.004332755632582322,-0.9989440337909187,2.0,0.007014809041309431,-0.9981412639405205,2.0,0.005150214592274678,-1.0,2.0
TCGA-06-0221,0.42114384748700173,-0.6240760295670539,-1.0,0.4193296960249415,-0.5325278810408922,0.0,0.4257510729613734,-1.0,-1.0
TCGA-06-0237,0.9948006932409013,-0.9978880675818373,2.0,0.9984411535463756,-0.9981412639405205,2.0,0.9991416309012876,-0.9979736575481256,2.0
TCGA-06-0238,0.9965337954939342,-0.9915522703273495,1.0,0.9968823070927514,-0.9934944237918215,1.0,0.9991416309012876,-0.9929078014184397,1.0
TCGA-06-0240,0.0805892547660312,0.0,2.0,0.017926734216679657,-0.020446096654275093,2.0,0.0034334763948497852,0.0,2.0
TCGA-06-0241,0.9766031195840554,-1.0,1.0,0.9742790335151987,-1.0,1.0,0.9742489270386266,-1.0,1.0
TCGA-06-0644,1.0,-1.0,1.0,0.9968823070927514,-1.0,1.0,0.9991416309012876,-1.0,1.0
TCGA-06-0645,0.9939341421143848,-0.9746568109820486,2.0,0.9961028838659393,-0.9786245353159851,2.0,0.9991416309012876,-0.9787234042553191,2.0
TCGA-06-0646,0.9974003466204506,-1.0,2.0,0.9992205767731879,-0.9990706319702602,2.0,0.9991416309012876,-1.0,2.0
TCGA-06-0648,0.9982668977469671,-1.0,1.0,1.0,-1.0,1.0,0.9991416309012876,-1.0,1.0
TCGA-06-0649,0.9913344887348353,-1.0,1.0,0.9883086515978177,-0.9990706319702602,1.0,0.9905579399141631,-1.0,1.0
TCGA-06-0650,0.9896013864818024,-0.9978880675818373,2.0,0.9890880748246298,-1.0,2.0,0.9991416309012876,-1.0,2.0
TCGA-06-0686,0.9991334488734835,-0.9989440337909187,2.0,1.0,-0.9981412639405205,2.0,1.0,-1.0,2.0
TCGA-06-0743,0.9982668977469671,-0.9989440337909187,2.0,1.0,-0.9972118959107806,2.0,0.9991416309012876,-1.0,2.0
TCGA-06-0744,0.9991334488734835,-1.0,2.0,0.9992205767731879,-1.0,2.0,0.9991416309012876,-1.0,2.0
TCGA-06-0745,0.9991334488734835,-0.9957761351636748,2.0,0.9992205767731879,-0.9990706319702602,2.0,0.9991416309012876,-1.0,2.0
TCGA-06-0747,0.6481802426343154,-1.0,2.0,0.6500389711613406,-1.0,2.0,0.6652360515021459,-1.0,2.0
TCGA-06-0749,0.9731369150779896,-0.9957761351636748,1.0,0.9742790335151987,-0.9934944237918215,1.0,0.9708154506437768,-1.0,1.0
TCGA-06-0750,1.0,-0.9915522703273495,2.0,0.9992205767731879,-0.9953531598513011,2.0,0.9991416309012876,-1.0,2.0
TCGA-06-0875,1.0,-1.0,1.0,1.0,-1.0,1.0,0.9991416309012876,-1.0,1.0
TCGA-06-0876,1.0,-0.9978880675818373,2.0,1.0,-0.9990706319702602,2.0,0.9991416309012876,-1.0,2.0
TCGA-06-0877,0.9904679376083189,-0.9989440337909187,2.0,0.995323460639127,-0.9990706319702602,2.0,0.9948497854077253,-1.0,2.0
TCGA-06-0878,0.9991334488734835,-0.9989440337909187,2.0,0.9992205767731879,-0.9962825278810409,2.0,0.9991416309012876,-1.0,2.0
TCGA-06-0879,0.9939341421143848,-0.9926082365364308,1.0,0.9992205767731879,-0.9842007434944238,1.0,0.9991416309012876,-1.0,1.0
TCGA-06-0881,0.9748700173310225,-0.925026399155227,2.0,0.9742790335151987,-0.9386617100371747,2.0,0.9991416309012876,-1.0,2.0
TCGA-06-0882,0.9982668977469671,-0.9915522703273495,1.0,0.9984411535463756,-0.9888475836431226,1.0,0.9991416309012876,-0.9969604863221885,1.0
TCGA-06-0939,0.9991334488734835,-0.9957761351636748,1.0,0.9992205767731879,-0.9981412639405205,1.0,0.9991416309012876,-1.0,1.0
TCGA-06-1804,0.9904679376083189,-1.0,1.0,0.9929851909586905,-1.0,1.0,0.9948497854077253,-1.0,1.0
TCGA-06-1806,0.9991334488734835,-0.014783526927138331,1.0,1.0,-0.0027881040892193307,1.0,0.9991416309012876,0.0,1.0
TCGA-06-2557,0.9913344887348353,-0.989440337909187,2.0,0.995323460639127,-0.9842007434944238,2.0,0.9931330472103004,-1.0,2.0
TCGA-06-2558,0.9974003466204506,-1.0,2.0,1.0,-1.0,2.0,0.9991416309012876,-1.0,2.0
TCGA-06-2559,0.9974003466204506,-0.7676874340021119,2.0,1.0,-0.7490706319702602,2.0,0.9991416309012876,-0.7436676798378926,1.0
TCGA-06-2561,0.9965337954939342,-0.9957761351636748,1.0,0.9976617303195635,-0.9990706319702602,1.0,0.9991416309012876,-1.0,1.0
TCGA-06-2562,0.9982668977469671,-0.9915522703273495,1.0,1.0,-0.9907063197026023,1.0,0.9991416309012876,-1.0,1.0
TCGA-06-2563,0.9965337954939342,-0.8680042238648363,2.0,0.9968823070927514,-0.8671003717472119,2.0,0.9965665236051502,-0.878419452887538,2.0
TCGA-06-2564,1.0,-0.9831045406546991,2.0,1.0,-0.9786245353159851,2.0,0.9991416309012876,-1.0,2.0
TCGA-06-2565,0.05805892547660312,-1.0,2.0,0.06547155105222136,-0.9953531598513011,2.0,0.041201716738197426,-1.0,2.0
TCGA-06-2567,1.0,-0.9957761351636748,1.0,1.0,-0.9962825278810409,2.0,0.9991416309012876,-1.0,1.0
TCGA-06-2569,0.012131715771230503,-0.0010559662090813093,0.0,0.014809041309431021,0.0,0.0,0.004291845493562232,-0.004052684903748734,0.0
TCGA-06-2570,0.0025996533795493936,-0.026399155227032733,0.0,0.000779423226812159,-0.02137546468401487,0.0,0.0,0.0,0.0
TCGA-06-5408,0.9367417677642981,-1.0,2.0,0.9368667186282151,-1.0,2.0,0.9467811158798283,-1.0,2.0
TCGA-06-5410,0.9792027729636048,-0.9947201689545935,1.0,0.9945440374123149,-0.991635687732342,1.0,0.9991416309012876,-1.0,1.0
TCGA-06-5411,0.9965337954939342,-1.0,1.0,1.0,-1.0,2.0,0.9991416309012876,-1.0,1.0
TCGA-06-5412,0.9878682842287695,-0.9936642027455121,1.0,0.9859703819173812,-0.9990706319702602,1.0,0.9991416309012876,-1.0,1.0
TCGA-06-5413,0.9939341421143848,-1.0,2.0,0.9937646141855028,-1.0,2.0,0.992274678111588,-1.0,2.0
TCGA-06-5414,1.0,-0.9936642027455121,2.0,1.0,-0.9925650557620818,2.0,0.9991416309012876,-0.9979736575481256,2.0
TCGA-06-5415,0.9939341421143848,-1.0,2.0,0.995323460639127,-1.0,2.0,0.9974248927038627,-1.0,2.0
TCGA-06-5416,0.0025996533795493936,-0.01583949313621964,0.0,0.001558846453624318,-0.04925650557620818,0.0,0.0,0.0,0.0
TCGA-06-5418,0.9982668977469671,-1.0,1.0,0.9992205767731879,-1.0,1.0,0.9991416309012876,-1.0,1.0
TCGA-06-5856,0.9974003466204506,-1.0,2.0,0.9984411535463756,-1.0,2.0,1.0,-1.0,2.0
TCGA-06-5858,1.0,-0.007391763463569166,1.0,0.9992205767731879,-0.0762081784386617,1.0,0.9991416309012876,0.0,1.0
TCGA-06-5859,0.9904679376083189,-1.0,1.0,0.9992205767731879,-1.0,1.0,0.9991416309012876,-1.0,1.0
TCGA-06-6388,1.0,-1.0,1.0,1.0,-0.9972118959107806,1.0,0.9991416309012876,-1.0,1.0
TCGA-06-6389,0.0,-0.0021119324181626186,0.0,0.00857365549493375,-0.041821561338289966,0.0,0.0008583690987124463,0.0,0.0
TCGA-06-6390,0.9982668977469671,-1.0,1.0,0.9984411535463756,-1.0,1.0,0.9991416309012876,-1.0,1.0
TCGA-06-6391,0.669844020797227,-0.022175290390707498,1.0,0.622759158222915,-0.0055762081784386614,2.0,0.6763948497854078,0.0,2.0
TCGA-06-6693,0.0008665511265164644,-1.0,2.0,0.002338269680436477,-1.0,2.0,0.0017167381974248926,-1.0,2.0
TCGA-06-6694,0.9948006932409013,-0.26504751847940866,1.0,0.9992205767731879,-0.354089219330855,2.0,1.0,-0.19655521783181357,1.0
TCGA-06-6695,0.9913344887348353,-0.9355860612460402,1.0,0.9961028838659393,-0.9265799256505576,1.0,0.9974248927038627,-0.9250253292806484,1.0
TCGA-06-6697,0.9982668977469671,-0.9989440337909187,1.0,1.0,-0.9990706319702602,1.0,0.9991416309012876,-1.0,1.0
TCGA-06-6698,0.9991334488734835,-0.9989440337909187,1.0,0.9992205767731879,-0.9990706319702602,1.0,0.9991416309012876,-1.0,1.0
TCGA-06-6699,0.988734835355286,-0.9989440337909187,2.0,0.995323460639127,-0.9990706319702602,2.0,0.9974248927038627,-0.9989868287740629,2.0
TCGA-06-6700,0.7053726169844021,-0.9989440337909187,2.0,0.7030397505845675,-0.9990706319702602,2.0,0.703862660944206,-1.0,2.0
TCGA-06-6701,0.00779896013864818,0.0,0.0,0.010132501948558068,-0.012081784386617101,0.0,0.0,0.0,0.0
TCGA-06-A5U0,0.0,-0.6884899683210137,0.0,0.0171473109898675,-0.6988847583643123,0.0,0.0,-0.6534954407294833,0.0
TCGA-06-A5U1,0.9939341421143848,-0.989440337909187,1.0,0.9968823070927514,-0.9962825278810409,1.0,0.9974248927038627,-1.0,1.0
TCGA-06-A6S0,0.7998266897746967,-0.8690601900739177,2.0,0.8004676539360873,-0.8531598513011153,2.0,0.8017167381974248,-0.85612968591692,2.0
TCGA-06-A6S1,0.9991334488734835,-0.9989440337909187,2.0,0.9992205767731879,-1.0,2.0,0.9991416309012876,-1.0,1.0
TCGA-06-A7TK,0.9974003466204506,-1.0,1.0,1.0,-1.0,1.0,0.9991416309012876,-1.0,1.0
TCGA-06-A7TL,0.0017331022530329288,-0.6240760295670539,0.0,0.014029618082618862,-0.6087360594795539,0.0,0.0,-0.5876393110435664,0.0
TCGA-08-0386,0.9809358752166378,-0.9926082365364308,2.0,0.9820732657833203,-0.9953531598513011,2.0,0.984549356223176,-1.0,2.0
TCGA-12-0615,0.2244367417677643,-0.9978880675818373,2.0,0.22135619641465315,-0.9981412639405205,2.0,0.20858369098712445,-1.0,2.0
TCGA-12-0616,0.6646447140381283,-1.0,2.0,0.5448168355416991,-1.0,2.0,0.878969957081545,-1.0,2.0
TCGA-12-0618,0.9991334488734835,-1.0,1.0,1.0,-1.0,1.0,0.9991416309012876,-1.0,1.0
TCGA-12-0619,1.0,-0.996832101372756,2.0,1.0,-1.0,2.0,0.9991416309012876,-1.0,2.0
TCGA-12-0688,0.8882149046793761,-0.9989440337909187,2.0,0.8877630553390491,-1.0,2.0,0.8935622317596567,-1.0,2.0
TCGA-12-0692,1.0,-1.0,1.0,1.0,-0.9990706319702602,1.0,0.9991416309012876,-1.0,1.0
TCGA-12-0821,1.0,-1.0,1.0,1.0,-1.0,2.0,0.9991416309012876,-1.0,2.0
TCGA-12-3649,0.8596187175043327,-0.9989440337909187,2.0,0.8558067030397506,-1.0,2.0,0.8583690987124464,-1.0,2.0
TCGA-12-3650,1.0,-0.9926082365364308,2.0,1.0,-0.9934944237918215,2.0,0.9991416309012876,-0.9918946301925026,2.0
TCGA-12-3652,0.2582322357019064,-1.0,2.0,0.31644583008573657,-1.0,2.0,0.2575107296137339,-1.0,2.0
TCGA-12-3653,0.9982668977469671,-0.9957761351636748,2.0,1.0,-0.9962825278810409,2.0,1.0,-0.993920972644377,2.0
TCGA-12-5295,0.6897746967071057,-1.0,2.0,0.6827747466874513,-1.0,2.0,0.6901287553648069,-1.0,2.0
TCGA-12-5299,0.9982668977469671,-0.9799366420274551,2.0,1.0,-0.9823420074349443,2.0,0.9991416309012876,-0.9827760891590679,1.0
TCGA-12-5301,0.7746967071057193,-1.0,1.0,0.7739672642244739,-1.0,1.0,0.7862660944206008,-1.0,1.0
TCGA-14-0736,0.2720970537261698,-0.9989440337909187,2.0,0.2790335151987529,-0.9990706319702602,1.0,0.25836909871244634,-1.0,1.0
TCGA-14-0740,0.0632582322357019,-0.9809926082365364,0.0,0.08261886204208885,-0.9786245353159851,0.0,0.061802575107296136,-0.9827760891590679,0.0
TCGA-14-0781,0.9956672443674177,-0.9989440337909187,1.0,0.995323460639127,-0.9990706319702602,1.0,0.9991416309012876,-1.0,1.0
TCGA-14-0786,0.9956672443674177,-0.9978880675818373,2.0,0.9922057677318784,-1.0,2.0,0.9965665236051502,-1.0,2.0
TCGA-14-0787,0.9974003466204506,-0.9989440337909187,2.0,0.9984411535463756,-1.0,2.0,0.9991416309012876,-1.0,2.0
TCGA-14-0789,0.9991334488734835,-0.9947201689545935,2.0,1.0,-0.9990706319702602,2.0,0.9991416309012876,-1.0,2.0
TCGA-14-0790,0.8717504332755632,-1.0,2.0,0.8815276695245519,-0.9962825278810409,2.0,0.9991416309012876,-1.0,2.0
TCGA-14-0813,1.0,-0.9978880675818373,2.0,1.0,-0.9953531598513011,2.0,0.9991416309012876,-1.0,1.0
TCGA-14-0817,0.7790294627383015,-1.0,2.0,0.7763055339049104,-1.0,2.0,0.7793991416309013,-1.0,2.0
TCGA-14-0862,0.006932409012131715,-1.0,0.0,0.020265003897116135,-0.9962825278810409,0.0,0.0008583690987124463,-1.0,0.0
TCGA-14-0871,1.0,-0.9926082365364308,1.0,1.0,-0.9879182156133829,1.0,1.0,-0.9564336372847011,1.0
TCGA-14-1034,0.9991334488734835,-1.0,1.0,0.9984411535463756,-1.0,1.0,0.9991416309012876,-1.0,1.0
TCGA-14-1043,0.951473136915078,-1.0,2.0,0.9524551831644583,-1.0,2.0,0.9536480686695279,-1.0,2.0
TCGA-14-1395,0.9930675909878682,-1.0,2.0,0.9929851909586905,-1.0,2.0,0.992274678111588,-1.0,2.0
TCGA-14-1450,0.9974003466204506,-0.9978880675818373,1.0,0.9976617303195635,-0.9990706319702602,1.0,0.9991416309012876,-1.0,1.0
TCGA-14-1456,0.47920277296360486,-0.007391763463569166,1.0,0.49493374902572096,-0.004646840148698885,1.0,0.47725321888412015,0.0,1.0
TCGA-14-1823,0.988734835355286,-0.9926082365364308,2.0,0.9984411535463756,-0.9814126394052045,2.0,0.9991416309012876,-1.0,2.0
TCGA-14-1825,0.9038128249566725,-0.996832101372756,1.0,0.9049103663289166,-0.9934944237918215,1.0,0.9072961373390558,-1.0,1.0
TCGA-14-1829,0.9844020797227037,-0.9852164730728616,2.0,0.9859703819173812,-0.991635687732342,2.0,0.984549356223176,-1.0,2.0
TCGA-14-2554,0.9991334488734835,-0.9714889123548046,2.0,0.9992205767731879,-0.9795539033457249,2.0,0.9991416309012876,-0.9888551165146909,2.0
TCGA-14-4157,0.9948006932409013,-0.2840549102428722,1.0,0.9968823070927514,-0.2815985130111524,1.0,0.9991416309012876,-0.24113475177304963,1.0
TCGA-15-0742,0.9956672443674177,-1.0,2.0,0.9976617303195635,-1.0,2.0,0.9991416309012876,-1.0,2.0
TCGA-16-0846,0.9939341421143848,-0.36219640971488914,1.0,0.9984411535463756,-0.5585501858736059,1.0,0.9991416309012876,-0.10638297872340426,1.0
TCGA-16-0848,1.0,-0.9926082365364308,1.0,1.0,-0.9934944237918215,2.0,0.9991416309012876,-0.9949341438703141,1.0
TCGA-16-0861,0.9939341421143848,-0.5332629355860612,2.0,0.990646921278254,-0.5074349442379182,2.0,0.9974248927038627,-0.48632218844984804,2.0
TCGA-16-1045,0.9974003466204506,-1.0,2.0,0.9976617303195635,-1.0,2.0,0.9991416309012876,-1.0,2.0
TCGA-16-1048,0.9896013864818024,-0.9978880675818373,2.0,0.9976617303195635,-0.9990706319702602,2.0,0.9991416309012876,-1.0,2.0
TCGA-19-1390,0.9948006932409013,-0.006335797254487857,1.0,0.9976617303195635,-0.02509293680297398,1.0,0.9982832618025751,-0.02127659574468085,1.0
TCGA-19-1787,0.8977469670710572,-0.023231256599788808,1.0,0.8908807482462977,-0.012081784386617101,1.0,0.8969957081545065,0.0,1.0
TCGA-19-2619,0.8535528596187175,-0.8743400211193242,2.0,0.8511301636788776,-0.862453531598513,2.0,0.8575107296137339,-0.8693009118541033,2.0
TCGA-19-2620,0.16724436741767765,-1.0,2.0,0.15900233826968044,-1.0,2.0,0.14678111587982834,-1.0,2.0
TCGA-19-2623,1.0,-0.9989440337909187,1.0,0.9992205767731879,-0.9962825278810409,1.0,0.9991416309012876,-1.0,1.0
TCGA-19-2624,0.9948006932409013,-0.9883843717001056,2.0,0.9961028838659393,-0.9897769516728625,2.0,0.9991416309012876,-0.9898682877406282,2.0
TCGA-19-2625,0.006932409012131715,-0.9841605068637803,0.0,0.012470771628994544,-0.9851301115241635,0.0,0.0,-1.0,0.0
TCGA-19-2629,0.91421143847487,-0.9989440337909187,1.0,0.926734216679657,-0.9990706319702602,1.0,0.9991416309012876,-1.0,1.0
TCGA-19-2631,0.9610051993067591,-1.0,2.0,0.9454403741231489,-1.0,2.0,0.9450643776824035,-1.0,2.0
TCGA-19-4065,1.0,-1.0,1.0,1.0,-1.0,1.0,0.9991416309012876,-1.0,1.0
TCGA-19-5947,0.9991334488734835,-0.9915522703273495,1.0,0.9992205767731879,-0.9981412639405205,1.0,0.9991416309012876,-0.9989868287740629,1.0
TCGA-19-5950,0.9974003466204506,-1.0,2.0,1.0,-1.0,2.0,0.9991416309012876,-1.0,2.0
TCGA-19-5951,0.010398613518197574,-1.0,2.0,0.005455962587685113,-1.0,2.0,0.004291845493562232,-1.0,2.0
TCGA-19-5952,0.9922010398613518,-0.9852164730728616,2.0,0.9992205767731879,-0.991635687732342,2.0,0.9991416309012876,-1.0,2.0
TCGA-19-5953,0.9982668977469671,-0.9989440337909187,1.0,0.9984411535463756,-0.991635687732342,1.0,0.9991416309012876,-1.0,1.0
TCGA-19-5954,0.988734835355286,-1.0,2.0,0.9922057677318784,-1.0,2.0,0.9888412017167382,-1.0,1.0
TCGA-19-5955,1.0,-1.0,1.0,1.0,-1.0,1.0,0.9991416309012876,-1.0,1.0
TCGA-19-5956,0.0025996533795493936,-0.7486800422386484,0.0,0.005455962587685113,-0.7342007434944238,0.0,0.0,-0.7406281661600811,0.0
TCGA-19-5958,0.9991334488734835,-0.6399155227032735,1.0,1.0,-0.6217472118959108,1.0,0.9991416309012876,-0.6362715298885512,1.0
TCGA-19-5959,0.9324090121317158,-1.0,2.0,0.9399844115354637,-1.0,2.0,0.9373390557939915,-1.0,2.0
TCGA-19-5960,0.9948006932409013,-1.0,1.0,0.9992205767731879,-1.0,1.0,0.9982832618025751,-1.0,1.0
TCGA-19-A60I,0.9939341421143848,-0.9788806758183738,2.0,0.9945440374123149,-0.9860594795539034,2.0,0.9957081545064378,-0.9929078014184397,2.0
TCGA-19-A6J4,0.9956672443674177,-0.9989440337909187,1.0,0.9976617303195635,-0.9907063197026023,1.0,1.0,-1.0,1.0
TCGA-19-A6J5,0.9722703639514731,-0.9989440337909187,1.0,0.9758378799688231,-0.9990706319702602,1.0,0.975107296137339,-1.0,1.0
TCGA-26-1439,0.9956672443674177,-0.9989440337909187,2.0,0.9992205767731879,-0.9990706319702602,2.0,0.9982832618025751,-1.0,2.0
TCGA-26-1442,0.4748700173310225,-0.03695881731784583,0.0,0.48558067030397506,-0.03531598513011153,0.0,0.632618025751073,0.0,0.0
TCGA-26-5132,0.9948006932409013,-0.9989440337909187,2.0,1.0,-0.9990706319702602,2.0,0.9991416309012876,-0.9989868287740629,2.0
TCGA-26-5133,0.014731369150779897,-0.9672650475184794,0.0,0.042088854247856584,-0.9702602230483272,0.0,0.008583690987124463,-0.9706180344478217,0.0
TCGA-26-5134,0.00779896013864818,-1.0,0.0,0.011691348402182385,-1.0,2.0,0.0,-1.0,0.0
TCGA-26-5135,0.9922010398613518,-1.0,1.0,0.9922057677318784,-1.0,1.0,0.9991416309012876,-1.0,1.0
TCGA-26-5136,0.9948006932409013,-0.996832101372756,1.0,1.0,-0.9869888475836431,1.0,0.9974248927038627,-1.0,1.0
TCGA-26-5139,0.9731369150779896,-0.9989440337909187,2.0,0.9758378799688231,-1.0,2.0,0.9811158798283262,-1.0,2.0
TCGA-26-6173,0.9982668977469671,-0.8616684266103485,2.0,0.9984411535463756,-0.8392193308550185,2.0,0.9991416309012876,-0.8439716312056738,2.0
TCGA-26-6174,1.0,-0.9947201689545935,1.0,1.0,-0.9925650557620818,1.0,0.9991416309012876,-1.0,1.0
TCGA-26-A7UX,0.9376083188908145,-1.0,2.0,0.9298519095869057,-1.0,2.0,0.9150214592274678,-1.0,2.0
TCGA-27-1830,0.9982668977469671,-1.0,1.0,0.9976617303195635,-1.0,1.0,0.9991416309012876,-1.0,1.0
TCGA-27-1831,0.9991334488734835,-0.805702217529039,2.0,0.9992205767731879,-0.8094795539033457,2.0,0.9991416309012876,-0.8196555217831814,1.0
TCGA-27-1832,0.8752166377816292,-0.9989440337909187,2.0,0.8667186282151208,-0.9990706319702602,2.0,0.8772532188841202,-1.0,2.0
TCGA-27-1833,0.9956672443674177,-1.0,2.0,0.995323460639127,-1.0,2.0,0.9948497854077253,-1.0,2.0
TCGA-27-1834,0.9982668977469671,-0.9989440337909187,1.0,1.0,-1.0,1.0,1.0,-1.0,1.0
TCGA-27-1835,1.0,-0.9989440337909187,1.0,1.0,-0.9953531598513011,1.0,0.9991416309012876,-1.0,1.0
TCGA-27-1836,0.0415944540727903,-0.8637803590285111,2.0,0.05144193296960249,-0.862453531598513,2.0,0.030042918454935622,-0.8591691995947315,2.0
TCGA-27-1837,0.7062391681109186,-0.9989440337909187,2.0,0.6975837879968823,-0.9953531598513011,2.0,0.7021459227467811,-1.0,2.0
TCGA-27-1838,1.0,-0.7740232312565998,2.0,1.0,-0.7462825278810409,2.0,0.9991416309012876,-0.7416413373860182,2.0
TCGA-27-2518,0.9991334488734835,-0.9978880675818373,2.0,0.9992205767731879,-1.0,2.0,0.9991416309012876,-1.0,2.0
TCGA-27-2519,0.9982668977469671,-1.0,1.0,0.9984411535463756,-1.0,1.0,0.9982832618025751,-1.0,1.0
TCGA-27-2521,0.6256499133448874,-0.6832101372756072,1.0,0.6858924395946999,-0.6607806691449815,1.0,0.6291845493562231,-0.9321175278622087,0.0
TCGA-27-2523,0.9072790294627383,-0.7096092925026399,2.0,0.9041309431021044,-0.6933085501858736,2.0,0.9133047210300429,-0.6899696048632219,2.0
TCGA-27-2524,0.9974003466204506,-1.0,1.0,1.0,-1.0,1.0,0.9991416309012876,-1.0,1.0
TCGA-27-2526,0.9982668977469671,-0.805702217529039,2.0,1.0,-0.7964684014869888,2.0,0.9991416309012876,-0.7872340425531915,2.0
TCGA-27-2527,0.4003466204506066,-0.9947201689545935,1.0,0.4060795011691348,-0.9879182156133829,1.0,0.38540772532188844,-1.0,1.0
TCGA-27-2528,0.3466204506065858,-1.0,2.0,0.34918160561184725,-1.0,2.0,0.3055793991416309,-1.0,2.0
TCGA-28-1747,0.7001733102253033,-1.0,2.0,0.6983632112236945,-0.9990706319702602,2.0,0.7021459227467811,-1.0,2.0
TCGA-28-1753,0.9965337954939342,-0.9957761351636748,2.0,0.995323460639127,-1.0,2.0,0.9931330472103004,-1.0,2.0
TCGA-28-2501,0.7140381282495667,-1.0,2.0,0.6819953234606392,-1.0,2.0,0.6669527896995708,-1.0,2.0
TCGA-28-2502,0.9982668977469671,-0.9989440337909187,1.0,0.9992205767731879,-0.9962825278810409,1.0,0.9982832618025751,-1.0,1.0
TCGA-28-2509,1.0,-1.0,1.0,1.0,-0.9962825278810409,1.0,0.9991416309012876,-1.0,1.0
TCGA-28-2510,0.9982668977469671,-0.9915522703273495,1.0,0.9984411535463756,-0.9990706319702602,1.0,0.9991416309012876,-1.0,1.0
TCGA-28-2513,0.9878682842287695,-0.9978880675818373,2.0,0.9898674980514419,-0.9972118959107806,2.0,0.9991416309012876,-1.0,2.0
TCGA-28-2514,0.03986135181975736,-0.9989440337909187,2.0,0.03117692907248636,-0.9990706319702602,2.0,0.0240343347639485,-1.0,2.0
TCGA-28-5204,1.0,-0.9693769799366421,2.0,1.0,-0.9656133828996283,2.0,0.9991416309012876,-0.9726443768996961,2.0
TCGA-28-5207,0.9982668977469671,-0.9947201689545935,1.0,0.9992205767731879,-0.9944237918215614,2.0,0.9991416309012876,-0.993920972644377,1.0
TCGA-28-5208,0.3396880415944541,-1.0,2.0,0.33359314107560406,-1.0,2.0,0.3244635193133047,-1.0,1.0
TCGA-28-5209,0.9930675909878682,-0.9957761351636748,2.0,1.0,-0.9981412639405205,2.0,0.9957081545064378,-0.9969604863221885,2.0
TCGA-28-5211,0.9965337954939342,-0.9746568109820486,2.0,0.9976617303195635,-0.974907063197026,2.0,0.9991416309012876,-0.9756838905775076,2.0
TCGA-28-5213,1.0,-0.9989440337909187,1.0,0.9992205767731879,-1.0,1.0,0.9991416309012876,-1.0,1.0
TCGA-28-5214,0.9991334488734835,-1.0,2.0,0.9992205767731879,-1.0,2.0,0.9991416309012876,-1.0,2.0
TCGA-28-5215,0.9688041594454073,-1.0,1.0,0.9477786438035853,-1.0,1.0,1.0,-1.0,1.0
TCGA-28-5216,0.012998266897746967,-1.0,0.0,0.020265003897116135,-1.0,0.0,0.01630901287553648,-1.0,0.0
TCGA-28-5218,1.0,0.0,1.0,1.0,-0.0037174721189591076,1.0,0.9991416309012876,0.0,1.0
TCGA-28-5219,1.0,-1.0,2.0,1.0,-1.0,1.0,1.0,-1.0,1.0
TCGA-28-5220,0.8206239168110918,-1.0,1.0,0.8293063133281372,-1.0,2.0,0.8326180257510729,-1.0,1.0
TCGA-28-6450,0.9930675909878682,-1.0,2.0,0.9883086515978177,-1.0,2.0,0.9965665236051502,-1.0,2.0
TCGA-32-1970,0.9982668977469671,-0.9989440337909187,2.0,1.0,-0.9944237918215614,2.0,0.9991416309012876,-1.0,1.0
TCGA-32-1977,0.4393414211438475,-0.9989440337909187,2.0,0.4419329696024942,-0.9990706319702602,2.0,0.42660944206008583,-1.0,2.0
TCGA-32-1979,0.925476603119584,-1.0,2.0,0.926734216679657,-0.9990706319702602,2.0,0.9330472103004291,-0.9989868287740629,2.0
TCGA-32-1980,0.9826689774696707,-0.989440337909187,1.0,0.9867498051441933,-0.9944237918215614,1.0,0.9991416309012876,-1.0,1.0
TCGA-32-1982,0.9991334488734835,-0.9904963041182682,2.0,0.9984411535463756,-0.9907063197026023,2.0,0.9991416309012876,-0.9898682877406282,2.0
TCGA-32-1986,0.9800693240901213,-0.9640971488912354,1.0,0.9812938425565082,-0.9637546468401487,1.0,0.9648068669527897,-0.9746707193515705,1.0
TCGA-32-1991,0.6984402079722704,-0.6832101372756072,2.0,0.6968043647700701,-0.6496282527881041,2.0,0.6935622317596567,-0.6433637284701115,2.0
TCGA-32-2491,0.9982668977469671,-1.0,1.0,0.9984411535463756,-1.0,1.0,0.9991416309012876,-1.0,1.0
TCGA-32-2494,0.9956672443674177,-1.0,2.0,0.9984411535463756,-1.0,2.0,0.9991416309012876,-1.0,2.0
TCGA-32-2495,0.6915077989601387,-0.996832101372756,2.0,0.6882307092751364,-0.9944237918215614,2.0,0.696137339055794,-1.0,2.0
TCGA-32-2615,0.6767764298093587,-1.0,2.0,0.5572876071706937,-1.0,2.0,0.3407725321888412,-1.0,2.0
TCGA-32-2616,0.9991334488734835,-0.008447729672650475,1.0,0.9992205767731879,-0.007434944237918215,1.0,0.9991416309012876,0.0,1.0
TCGA-32-2632,1.0,-0.6779303062302007,2.0,1.0,-0.6682156133828996,2.0,1.0,-0.6666666666666666,2.0
TCGA-32-2634,0.0025996533795493936,-0.9904963041182682,0.0,0.002338269680436477,-0.9823420074349443,0.0,0.0,-1.0,0.0
TCGA-32-2638,0.9991334488734835,-0.9989440337909187,2.0,0.995323460639127,-0.9990706319702602,2.0,0.9991416309012876,-1.0,2.0
TCGA-32-4208,0.0034662045060658577,-0.6610348468848997,0.0,0.043647700701480906,-0.6403345724907064,0.0,0.0,-0.624113475177305,0.0
TCGA-32-4210,1.0,-0.9989440337909187,1.0,1.0,-0.9990706319702602,1.0,0.9991416309012876,-1.0,1.0
TCGA-32-4211,0.9982668977469671,-0.996832101372756,1.0,1.0,-0.9944237918215614,1.0,0.9991416309012876,-1.0,1.0
TCGA-32-4213,0.02079722703639515,-1.0,2.0,0.025720966484801246,-1.0,2.0,0.014592274678111588,-1.0,2.0
TCGA-32-4719,0.01993067590987868,-0.9989440337909187,2.0,0.029618082618862042,-0.9962825278810409,2.0,0.004291845493562232,-1.0,2.0
TCGA-32-5222,1.0,-1.0,1.0,1.0,-1.0,2.0,0.9991416309012876,-1.0,1.0
TCGA-41-2571,0.9948006932409013,-1.0,2.0,1.0,-1.0,2.0,0.9991416309012876,-1.0,1.0
TCGA-41-2572,0.9982668977469671,-1.0,2.0,0.9992205767731879,-1.0,2.0,0.9991416309012876,-1.0,2.0
TCGA-41-2573,0.9982668977469671,-1.0,1.0,1.0,-1.0,1.0,1.0,-1.0,1.0
TCGA-41-2575,0.9844020797227037,-1.0,2.0,0.995323460639127,-1.0,2.0,0.9991416309012876,-1.0,2.0
TCGA-41-3392,1.0,-0.9957761351636748,2.0,1.0,-0.9972118959107806,2.0,0.9991416309012876,-1.0,2.0
TCGA-41-3393,1.0,-1.0,2.0,1.0,-1.0,2.0,0.9991416309012876,-1.0,2.0
TCGA-41-3915,0.9913344887348353,-1.0,1.0,0.9914263445050663,-1.0,1.0,0.9982832618025751,-1.0,1.0
TCGA-41-4097,0.0034662045060658577,-0.9926082365364308,0.0,0.007014809041309431,-0.9944237918215614,0.0,0.0008583690987124463,-1.0,0.0
TCGA-41-5651,0.9982668977469671,-0.856388595564942,1.0,0.9992205767731879,-0.8317843866171004,1.0,0.9991416309012876,-0.8308004052684904,1.0
TCGA-41-6646,0.9991334488734835,-0.9915522703273495,1.0,0.9992205767731879,-0.9925650557620818,1.0,0.9991416309012876,-1.0,1.0
TCGA-4W-AA9R,0.9965337954939342,-1.0,1.0,0.9984411535463756,-1.0,1.0,0.9991416309012876,-1.0,1.0
TCGA-4W-AA9S,0.9939341421143848,-1.0,1.0,0.9976617303195635,-0.9934944237918215,1.0,0.9982832618025751,-1.0,1.0
TCGA-4W-AA9T,0.9930675909878682,-0.996832101372756,2.0,0.9929851909586905,-0.9981412639405205,2.0,0.9991416309012876,-1.0,2.0
TCGA-74-6573,1.0,-1.0,2.0,1.0,-1.0,2.0,0.9991416309012876,-1.0,2.0
TCGA-74-6575,0.9454072790294628,-1.0,1.0,0.9438815276695246,-1.0,1.0,0.9493562231759657,-1.0,1.0
TCGA-74-6577,1.0,-1.0,1.0,1.0,-1.0,1.0,0.9991416309012876,-1.0,1.0
TCGA-74-6578,0.9965337954939342,-1.0,1.0,0.9898674980514419,-1.0,1.0,0.9991416309012876,-1.0,1.0
TCGA-74-6581,0.9982668977469671,-0.9915522703273495,2.0,0.9984411535463756,-0.9925650557620818,2.0,0.9991416309012876,-0.9908814589665653,2.0
TCGA-74-6584,0.9948006932409013,-1.0,2.0,1.0,-1.0,2.0,0.9991416309012876,-1.0,2.0
TCGA-76-4925,0.9939341421143848,-0.9957761351636748,1.0,0.9992205767731879,-0.9972118959107806,1.0,0.9991416309012876,-0.9969604863221885,1.0
TCGA-76-4926,0.9766031195840554,-1.0,2.0,0.9922057677318784,-1.0,2.0,0.9819742489270387,-1.0,2.0
TCGA-76-4928,0.9913344887348353,-0.9788806758183738,1.0,0.9961028838659393,-0.9860594795539034,1.0,0.9991416309012876,-1.0,1.0
TCGA-76-4929,0.9991334488734835,-1.0,1.0,0.9992205767731879,-1.0,1.0,0.9991416309012876,-1.0,1.0
TCGA-76-4931,0.9982668977469671,-0.9989440337909187,2.0,0.9992205767731879,-0.9990706319702602,2.0,0.9991416309012876,-1.0,2.0
TCGA-76-4934,0.9965337954939342,-1.0,1.0,0.995323460639127,-0.9981412639405205,1.0,0.9965665236051502,-1.0,1.0
TCGA-76-4935,1.0,-1.0,1.0,1.0,-1.0,1.0,0.9991416309012876,-1.0,1.0
TCGA-76-6191,0.9696707105719238,-1.0,1.0,0.9719407638347622,-1.0,1.0,0.9716738197424892,-1.0,1.0
TCGA-76-6192,0.9783362218370883,-1.0,1.0,0.9750584567420109,-1.0,1.0,0.9819742489270387,-1.0,1.0
TCGA-76-6193,0.0,-0.9947201689545935,0.0,0.0,-0.9944237918215614,0.0,0.0,-0.9929078014184397,0.0
TCGA-76-6280,0.9982668977469671,-1.0,1.0,0.9992205767731879,-1.0,1.0,0.9991416309012876,-1.0,1.0
TCGA-76-6282,1.0,-0.9978880675818373,2.0,0.9968823070927514,-0.9972118959107806,2.0,0.9991416309012876,-0.9969604863221885,2.0
TCGA-76-6283,0.9982668977469671,-1.0,1.0,1.0,-1.0,1.0,0.9982832618025751,-1.0,1.0
TCGA-76-6285,0.9896013864818024,-1.0,1.0,0.9984411535463756,-1.0,1.0,0.9991416309012876,-1.0,1.0
TCGA-76-6286,1.0,-1.0,1.0,1.0,-1.0,1.0,0.9991416309012876,-1.0,1.0
TCGA-76-6656,0.7001733102253033,-0.8891235480464625,2.0,0.6952455183164459,-0.8828996282527881,2.0,0.6935622317596567,-0.894630192502533,2.0
TCGA-76-6657,0.9974003466204506,-0.9831045406546991,1.0,0.9992205767731879,-0.9814126394052045,1.0,0.9991416309012876,-1.0,1.0
TCGA-76-6660,0.9991334488734835,-1.0,1.0,1.0,-0.9972118959107806,1.0,0.9991416309012876,-1.0,1.0
TCGA-76-6661,0.9722703639514731,-1.0,2.0,0.9727201870615745,-1.0,2.0,0.9716738197424892,-1.0,2.0
TCGA-76-6662,0.9991334488734835,-0.9978880675818373,1.0,0.9992205767731879,-0.9981412639405205,1.0,0.9991416309012876,-1.0,1.0
TCGA-76-6663,0.9956672443674177,-1.0,1.0,1.0,-1.0,1.0,0.9991416309012876,-1.0,1.0
TCGA-76-6664,0.9948006932409013,-0.7497360084477297,2.0,0.9984411535463756,-0.724907063197026,2.0,0.9991416309012876,-0.7173252279635258,2.0
TCGA-81-5910,1.0,-1.0,2.0,1.0,-1.0,2.0,0.9991416309012876,-1.0,2.0
TCGA-81-5911,0.9991334488734835,-0.9915522703273495,2.0,0.9992205767731879,-0.9795539033457249,2.0,0.9991416309012876,-1.0,2.0
TCGA-87-5896,1.0,-0.9757127771911299,2.0,1.0,-0.9767657992565055,2.0,0.9991416309012876,-0.977710233029382,2.0
TCGA-CS-4938,0.5017331022530329,0.0,0.0,0.48791893998441155,0.0,0.0,0.4995708154506438,0.0,0.0
TCGA-CS-4941,0.9818024263431543,-0.9989440337909187,2.0,0.9820732657833203,-1.0,2.0,0.9836909871244636,-1.0,2.0
TCGA-CS-4942,1.0,0.0,1.0,1.0,-0.0027881040892193307,1.0,0.9991416309012876,0.0,1.0
TCGA-CS-4943,0.049393414211438474,-0.0010559662090813093,0.0,0.10366328916601715,-0.00929368029739777,1.0,0.0034334763948497852,0.0,0.0
TCGA-CS-4944,0.0008665511265164644,-0.022175290390707498,0.0,0.011691348402182385,-0.008364312267657992,2.0,0.0,0.0,0.0
TCGA-CS-5390,0.006932409012131715,-0.0010559662090813093,0.0,0.07170693686671863,-0.013940520446096654,0.0,0.0,0.0,0.0
TCGA-CS-5393,0.24436741767764297,-0.07391763463569166,2.0,0.2774746687451286,-0.10223048327137546,2.0,0.2463519313304721,-0.014184397163120567,2.0
TCGA-CS-5394,0.0017331022530329288,-0.007391763463569166,0.0,0.003897116134060795,-0.0037174721189591076,0.0,0.0,0.0,0.0
TCGA-CS-5395,1.0,-1.0,1.0,1.0,-1.0,1.0,0.9991416309012876,-1.0,1.0
TCGA-CS-5396,0.9939341421143848,0.0,1.0,0.9968823070927514,-0.007434944237918215,1.0,0.9991416309012876,0.0,1.0
TCGA-CS-5397,0.9246100519930676,-1.0,1.0,0.93141075604053,-1.0,2.0,0.9330472103004291,-1.0,1.0
TCGA-CS-6186,0.9948006932409013,-1.0,1.0,0.9984411535463756,-1.0,1.0,0.9982832618025751,-1.0,1.0
TCGA-CS-6188,0.8882149046793761,-0.8996832101372756,2.0,0.8846453624318005,-0.8986988847583643,2.0,0.8875536480686695,-0.9037487335359676,2.0
TCGA-CS-6290,0.0008665511265164644,-0.008447729672650475,0.0,0.0,-0.0009293680297397769,0.0,0.0,0.0,0.0
TCGA-CS-6665,0.9991334488734835,-0.6240760295670539,1.0,0.9992205767731879,-0.5994423791821561,1.0,1.0,-0.5876393110435664,1.0
TCGA-CS-6666,0.2755632582322357,0.0,0.0,0.2876071706936867,-0.13197026022304834,0.0,0.0008583690987124463,0.0,0.0
TCGA-CS-6667,0.008665511265164644,-0.006335797254487857,0.0,0.003117692907248636,-0.0027881040892193307,0.0,0.0,0.0,0.0
TCGA-CS-6668,0.0,-0.0010559662090813093,0.0,0.009353078721745909,-0.0009293680297397769,0.0,0.0,0.0,0.0
TCGA-CS-6670,0.6854419410745234,-0.0010559662090813093,1.0,0.33982852689010135,-0.0009293680297397769,0.0,0.9991416309012876,0.0,1.0
TCGA-DB-5270,0.9991334488734835,-0.007391763463569166,1.0,1.0,-0.047397769516728624,1.0,0.9991416309012876,0.0,1.0
TCGA-DB-5273,0.0017331022530329288,-0.0010559662090813093,0.0,0.019485580670303974,-0.008364312267657992,0.0,0.0,0.0,0.0
TCGA-DB-5274,0.008665511265164644,-0.14889123548046462,0.0,0.0,-0.137546468401487,0.0,0.0,0.0,0.0
TCGA-DB-5275,0.0025996533795493936,-0.006335797254487857,0.0,0.04053000779423227,0.0,0.0,0.0,0.0,0.0
TCGA-DB-5276,0.004332755632582322,0.0,0.0,0.003897116134060795,0.0,0.0,0.0,0.0,0.0
TCGA-DB-5277,0.8084922010398613,-0.6335797254487856,0.0,0.828526890101325,-0.6096654275092936,1.0,0.16137339055793992,-0.5947315096251267,0.0
TCGA-DB-5278,0.0025996533795493936,-0.0021119324181626186,0.0,0.002338269680436477,-0.0018587360594795538,0.0,0.0,0.0,0.0
TCGA-DB-5279,0.0,-1.0,0.0,0.0,-1.0,0.0,0.0,-1.0,0.0
TCGA-DB-5280,0.0,0.0,0.0,0.001558846453624318,0.0,0.0,0.0,0.0,0.0
TCGA-DB-5281,0.2720970537261698,-0.01795142555438226,0.0,0.2657833203429462,-0.0018587360594795538,0.0,0.27639484978540774,0.0,0.0
TCGA-DB-A4X9,1.0,-0.005279831045406547,1.0,1.0,-0.004646840148698885,1.0,0.9991416309012876,0.0,1.0
TCGA-DB-A4XA,0.009532062391681109,-0.027455121436114043,0.0,0.012470771628994544,-0.0724907063197026,0.0,0.0,-0.0010131712259371835,0.0
TCGA-DB-A4XB,0.49393414211438474,-0.005279831045406547,0.0,0.47466874512860485,-0.03531598513011153,0.0,0.5012875536480687,0.0,0.0
TCGA-DB-A4XC,0.006932409012131715,-0.005279831045406547,0.0,0.0,-0.011152416356877323,0.0,0.0,0.0,0.0
TCGA-DB-A4XD,0.46880415944540726,-0.006335797254487857,0.0,0.4208885424785659,-0.006505576208178439,0.0,0.4206008583690987,0.0,0.0
TCGA-DB-A4XE,0.9991334488734835,-0.03801478352692714,1.0,1.0,-0.010223048327137546,1.0,0.9991416309012876,0.0,1.0
TCGA-DB-A4XF,0.006932409012131715,-0.5311510031678986,0.0,0.003117692907248636,-0.5037174721189591,0.0,0.0,-0.47416413373860183,0.0
TCGA-DB-A4XG,0.008665511265164644,-0.027455121436114043,0.0,0.003897116134060795,-0.008364312267657992,0.0,0.0008583690987124463,0.0,0.0
TCGA-DB-A4XH,0.0,-0.025343189017951427,0.0,0.000779423226812159,-0.019516728624535316,0.0,0.0,0.0,0.0
TCGA-DB-A64L,0.0017331022530329288,-0.9989440337909187,0.0,0.004676539360872954,-1.0,0.0,0.0,-1.0,0.0
TCGA-DB-A64O,0.9965337954939342,-1.0,1.0,0.9976617303195635,-1.0,1.0,0.9991416309012876,-1.0,1.0
TCGA-DB-A64P,0.0017331022530329288,0.0,0.0,0.001558846453624318,0.0,0.0,0.0,0.0,0.0
TCGA-DB-A64Q,0.0008665511265164644,-0.007391763463569166,0.0,0.004676539360872954,-0.0018587360594795538,0.0,0.0,0.0,0.0
TCGA-DB-A64R,0.006932409012131715,0.0,0.0,0.001558846453624318,0.0,0.0,0.0,0.0,0.0
TCGA-DB-A64S,0.378682842287695,-0.0021119324181626186,0.0,0.2587685113016368,-0.040892193308550186,0.0,0.0,0.0,0.0
TCGA-DB-A64U,0.004332755632582322,0.0,0.0,0.004676539360872954,-0.0009293680297397769,0.0,0.0,0.0,0.0
TCGA-DB-A64V,0.008665511265164644,-0.005279831045406547,0.0,0.025720966484801246,-0.004646840148698885,0.0,0.0,0.0,0.0
TCGA-DB-A64W,0.0,-0.013727560718057022,0.0,0.001558846453624318,-0.013940520446096654,0.0,0.0,-0.010131712259371834,0.0
TCGA-DB-A64X,0.5346620450606586,-0.027455121436114043,0.0,0.47466874512860485,-0.01486988847583643,0.0,0.5467811158798284,-0.008105369807497468,0.0
TCGA-DB-A75K,0.0017331022530329288,-0.0031678986272439284,0.0,0.002338269680436477,-0.004646840148698885,0.0,0.0,0.0,0.0
TCGA-DB-A75L,0.005199306759098787,-0.7243928194297783,0.0,0.005455962587685113,-0.699814126394052,0.0,0.0,-0.6950354609929078,0.0
TCGA-DB-A75M,0.0017331022530329288,0.0,0.0,0.003897116134060795,0.0,0.0,0.0,0.0,0.0
TCGA-DB-A75O,0.3076256499133449,-0.006335797254487857,0.0,0.24629773967264224,-0.0037174721189591076,0.0,0.15965665236051502,-0.0010131712259371835,0.0
TCGA-DB-A75P,0.0,-0.0010559662090813093,0.0,0.002338269680436477,-0.0009293680297397769,0.0,0.0,0.0,0.0
TCGA-DH-5140,0.0025996533795493936,-0.986272439281943,0.0,0.002338269680436477,-0.9860594795539034,0.0,0.002575107296137339,-0.9858156028368794,0.0
TCGA-DH-5141,0.009532062391681109,0.0,0.0,0.009353078721745909,0.0,0.0,0.0,0.0,0.0
TCGA-DH-5142,0.016464471403812825,-0.011615628299894404,2.0,0.013250194855806703,-0.0018587360594795538,2.0,0.01201716738197425,0.0,2.0
TCGA-DH-5143,0.11438474870017332,0.0,0.0,0.1426344505066251,0.0,0.0,0.0,0.0,0.0
TCGA-DH-5144,0.2703639514731369,0.0,0.0,0.34294621979734996,-0.0009293680297397769,0.0,0.34334763948497854,0.0,0.0
TCGA-DH-A669,0.9948006932409013,-1.0,1.0,0.9937646141855028,-0.9990706319702602,1.0,1.0,-1.0,1.0
TCGA-DH-A66B,0.03119584055459272,-0.1900739176346357,0.0,0.04988308651597818,-0.17472118959107807,0.0,0.019742489270386267,-0.16312056737588654,0.0
TCGA-DH-A66D,0.3535528596187175,-0.19640971488912354,0.0,0.34840218238503506,-0.1775092936802974,0.0,0.3562231759656652,-0.16312056737588654,0.0
TCGA-DH-A66F,0.00779896013864818,0.0,0.0,0.003897116134060795,0.0,0.0,0.0,0.0,0.0
TCGA-DH-A66G,0.40467937608318894,-0.1119324181626188,0.0,0.6165237724084178,-0.16449814126394052,0.0,0.934763948497854,0.0,1.0
TCGA-DH-A7UR,0.0,-0.011615628299894404,0.0,0.002338269680436477,-0.004646840148698885,0.0,0.0,0.0,0.0
TCGA-DH-A7US,0.0008665511265164644,-0.008447729672650475,0.0,0.003117692907248636,-0.006505576208178439,0.0,0.0,0.0,0.0
TCGA-DH-A7UT,0.9991334488734835,-0.006335797254487857,1.0,0.9992205767731879,-0.004646840148698885,1.0,1.0,0.0,1.0
TCGA-DH-A7UU,0.0,-0.7687434002111933,0.0,0.004676539360872954,-0.7472118959107806,0.0,0.0,-0.7436676798378926,0.0
TCGA-DH-A7UV,0.7287694974003466,-0.02006335797254488,1.0,0.6235385814497272,-0.18308550185873607,0.0,0.9991416309012876,0.0,1.0
TCGA-DU-5847,0.0,-1.0,0.0,0.001558846453624318,-1.0,0.0,0.0,-1.0,0.0
TCGA-DU-5849,0.5407279029462738,0.0,0.0,0.5362431800467654,0.0,0.0,0.5467811158798284,0.0,0.0
TCGA-DU-5851,0.005199306759098787,-0.0010559662090813093,0.0,0.003897116134060795,-0.0018587360594795538,0.0,0.0,0.0,0.0
TCGA-DU-5852,0.01733102253032929,-1.0,2.0,0.020265003897116135,-1.0,2.0,0.017167381974248927,-1.0,2.0
TCGA-DU-5853,0.0008665511265164644,0.0,0.0,0.002338269680436477,-0.17286245353159851,0.0,0.0,-0.11651469098277609,0.0
TCGA-DU-5854,0.9991334488734835,-0.9989440337909187,2.0,0.9992205767731879,-0.9990706319702602,2.0,0.9991416309012876,-1.0,2.0
TCGA-DU-5855,0.5095320623916811,-0.02006335797254488,0.0,0.5113016367887763,-0.0037174721189591076,0.0,0.5227467811158798,0.0,0.0
TCGA-DU-5870,0.008665511265164644,0.0,0.0,0.00779423226812159,0.0,0.0,0.0,0.0,0.0
TCGA-DU-5871,0.0017331022530329288,-0.04963041182682154,0.0,0.001558846453624318,-0.040892193308550186,0.0,0.0,0.0,0.0
TCGA-DU-5872,0.45753899480069327,-0.20591341077085534,0.0,0.4232268121590023,-0.18866171003717472,0.0,0.3759656652360515,-0.18642350557244175,0.0
TCGA-DU-5874,0.0,0.0,0.0,0.001558846453624318,-0.012081784386617101,0.0,0.0,0.0,0.0
TCGA-DU-6392,0.9852686308492201,0.0,1.0,0.9859703819173812,0.0,1.0,0.984549356223176,0.0,1.0
TCGA-DU-6393,0.0017331022530329288,0.0,0.0,0.010911925175370226,0.0,0.0,0.0,0.0,0.0
TCGA-DU-6394,0.06499133448873484,-0.0010559662090813093,0.0,0.03117692907248636,-0.0018587360594795538,0.0,0.0,0.0,0.0
TCGA-DU-6395,0.9956672443674177,0.0,1.0,0.9976617303195635,0.0,1.0,0.9991416309012876,0.0,1.0
TCGA-DU-6396,0.0,-0.6779303062302007,0.0,0.002338269680436477,-0.6691449814126395,0.0,0.0,-0.7740628166160081,0.0
TCGA-DU-6397,0.0025996533795493936,0.0,0.0,0.017926734216679657,-0.008364312267657992,0.0,0.0,0.0,0.0
TCGA-DU-6399,0.5164644714038128,-0.6187961985216474,0.0,0.5463756819953235,-0.570631970260223,0.0,0.5218884120171674,-0.5825734549138805,0.0
TCGA-DU-6400,0.8492201039861352,-0.008447729672650475,1.0,0.3858144972720187,-0.00929368029739777,0.0,0.9991416309012876,0.0,1.0
TCGA-DU-6401,0.008665511265164644,-0.48996832101372756,0.0,0.003897116134060795,-0.4544609665427509,0.0,0.0,-0.44275582573454914,0.0
TCGA-DU-6402,0.9974003466204506,-0.9989440337909187,1.0,0.9961028838659393,-0.9981412639405205,1.0,0.9991416309012876,-1.0,1.0
TCGA-DU-6403,0.9610051993067591,-0.8585005279831045,2.0,0.9618082618862042,-0.8754646840148699,2.0,0.9630901287553648,-0.8429584599797366,2.0
TCGA-DU-6404,0.9896013864818024,-0.0337909186906019,1.0,0.9929851909586905,-0.020446096654275093,1.0,0.9991416309012876,0.0,1.0
TCGA-DU-6405,0.6845753899480069,-1.0,2.0,0.676539360872954,-1.0,2.0,0.6909871244635193,-1.0,2.0
TCGA-DU-6406,0.9965337954939342,-1.0,2.0,0.9984411535463756,-1.0,2.0,0.9982832618025751,-1.0,2.0
TCGA-DU-6407,1.0,-0.1900739176346357,1.0,1.0,-0.17472118959107807,1.0,1.0,-0.13880445795339413,1.0
TCGA-DU-6408,0.0017331022530329288,-0.20591341077085534,0.0,0.001558846453624318,-0.19052044609665428,0.0,0.0,-0.0851063829787234,0.0
TCGA-DU-6410,0.9948006932409013,-0.03484688489968321,1.0,0.9992205767731879,-0.02973977695167286,1.0,0.9991416309012876,0.0,1.0
TCGA-DU-6542,0.0017331022530329288,-0.0021119324181626186,0.0,0.010911925175370226,-0.02509293680297398,0.0,0.0017167381974248926,0.0,0.0
TCGA-DU-7006,0.9965337954939342,-1.0,1.0,0.9984411535463756,-1.0,2.0,0.9991416309012876,-1.0,1.0
TCGA-DU-7007,0.0017331022530329288,-0.2481520591341077,0.0,0.014029618082618862,-0.23234200743494424,0.0,0.0,-0.2198581560283688,0.0
TCGA-DU-7008,0.5944540727902946,-0.7296726504751848,0.0,0.5892439594699922,-0.6059479553903345,0.0,0.5965665236051502,-0.5876393110435664,0.0
TCGA-DU-7009,0.3362218370883882,-0.0010559662090813093,0.0,0.32657833203429465,-0.0018587360594795538,0.0,0.3218884120171674,0.0,0.0
TCGA-DU-7010,0.03986135181975736,-0.675818373812038,0.0,0.17069368667186283,-0.6421933085501859,1.0,0.41201716738197425,-0.585612968591692,0.0
TCGA-DU-7011,1.0,-0.010559662090813094,1.0,0.9992205767731879,-0.004646840148698885,1.0,0.9991416309012876,0.0,1.0
TCGA-DU-7012,0.9896013864818024,-0.9989440337909187,1.0,0.9890880748246298,-0.9990706319702602,1.0,0.9982832618025751,-1.0,1.0
TCGA-DU-7013,0.9982668977469671,-1.0,2.0,0.9984411535463756,-1.0,2.0,1.0,-1.0,2.0
TCGA-DU-7015,0.5268630849220104,-0.05174234424498416,2.0,0.5339049103663289,-0.0362453531598513,2.0,0.5390557939914163,-0.025329280648429583,1.0
TCGA-DU-7018,0.0,0.0,0.0,0.004676539360872954,0.0,0.0,0.0,0.0,0.0
TCGA-DU-7019,0.005199306759098787,-0.0021119324181626186,0.0,0.010132501948558068,-0.0009293680297397769,0.0,0.0,0.0,0.0
TCGA-DU-7290,0.006065857885615251,-1.0,0.0,0.009353078721745909,-1.0,0.0,0.0,-1.0,0.0
TCGA-DU-7292,0.6915077989601387,-0.9672650475184794,2.0,0.6858924395946999,-0.9609665427509294,2.0,0.6918454935622318,-0.9604863221884499,2.0
TCGA-DU-7294,0.012998266897746967,-0.004223864836325237,0.0,0.011691348402182385,-0.0027881040892193307,0.0,0.0,-0.0010131712259371835,0.0
TCGA-DU-7298,0.0025996533795493936,-0.3706441393875396,0.0,0.006235385814497272,-0.3466542750929368,0.0,0.0,-1.0,0.0
TCGA-DU-7299,0.0025996533795493936,-0.0010559662090813093,0.0,0.012470771628994544,-0.0018587360594795538,0.0,0.0,0.0,0.0
TCGA-DU-7300,0.012131715771230503,0.0,0.0,0.014029618082618862,0.0,0.0,0.0,0.0,0.0
TCGA-DU-7301,0.537261698440208,-0.43189017951425557,0.0,0.5315666406858924,-0.24628252788104088,0.0,0.5553648068669528,-0.15602836879432624,0.0
TCGA-DU-7302,0.0,-0.006335797254487857,0.0,0.0,-0.0009293680297397769,0.0,0.0,0.0,0.0
TCGA-DU-7304,0.006065857885615251,-0.0010559662090813093,0.0,0.018706157443491817,0.0,0.0,0.0008583690987124463,0.0,0.0
TCGA-DU-7306,0.5580589254766031,-0.0010559662090813093,0.0,0.5549493374902572,-0.008364312267657992,0.0,0.5630901287553648,0.0,0.0
TCGA-DU-7309,0.2902946273830156,-0.06019007391763464,0.0,0.30319563522992987,-0.06133828996282528,0.0,0.29699570815450643,0.0,0.0
TCGA-DU-8158,0.026863084922010397,-1.0,0.0,0.02494154325798909,-0.9907063197026023,0.0,0.02317596566523605,-1.0,0.0
TCGA-DU-8161,0.988734835355286,-1.0,1.0,0.9984411535463756,-1.0,1.0,0.9991416309012876,-1.0,1.0
TCGA-DU-8162,0.1611785095320624,-0.030623020063357972,2.0,0.15744349181605613,-0.0362453531598513,2.0,0.15107296137339055,-0.16210739614994935,2.0
TCGA-DU-8163,0.9974003466204506,-0.02006335797254488,1.0,0.9992205767731879,-0.007434944237918215,1.0,1.0,0.0,1.0
TCGA-DU-8164,0.0025996533795493936,-0.0010559662090813093,0.0,0.007014809041309431,-0.0009293680297397769,0.0,0.0,0.0,0.0
TCGA-DU-8165,0.9896013864818024,-1.0,1.0,0.9922057677318784,-1.0,1.0,0.9991416309012876,-1.0,1.0
TCGA-DU-8166,0.9930675909878682,-0.0010559662090813093,1.0,0.9992205767731879,-0.0009293680297397769,1.0,0.9991416309012876,0.0,1.0
TCGA-DU-8167,0.04852686308492201,-0.48996832101372756,2.0,0.03273577552611068,-0.474907063197026,0.0,0.0,-0.4579533941236069,0.0
TCGA-DU-8168,0.006065857885615251,-0.0010559662090813093,0.0,0.00857365549493375,-0.0009293680297397769,0.0,0.0,0.0,0.0
TCGA-DU-A5TP,0.0,0.0,0.0,0.001558846453624318,0.0,0.0,0.0,0.0,0.0
TCGA-DU-A5TR,0.9948006932409013,0.0,1.0,0.995323460639127,-0.38382899628252787,1.0,0.9991416309012876,0.0,1.0
TCGA-DU-A5TS,0.0017331022530329288,-0.022175290390707498,0.0,0.005455962587685113,-0.01486988847583643,0.0,0.0,0.0,0.0
TCGA-DU-A5TT,1.0,-0.0010559662090813093,1.0,1.0,-0.0009293680297397769,1.0,0.9991416309012876,0.0,1.0
TCGA-DU-A5TU,0.9948006932409013,-0.007391763463569166,1.0,0.9961028838659393,-0.05390334572490706,1.0,0.9991416309012876,0.0,1.0
TCGA-DU-A5TW,1.0,-0.1457233368532207,1.0,1.0,-0.13568773234200743,1.0,0.9991416309012876,-0.1398176291793313,1.0
TCGA-DU-A5TY,0.9410745233968805,-1.0,1.0,0.9454403741231489,-1.0,1.0,0.9416309012875537,-1.0,1.0
TCGA-DU-A6S2,0.0008665511265164644,-0.004223864836325237,0.0,0.003897116134060795,-0.010223048327137546,0.0,0.0,0.0,0.0
TCGA-DU-A6S3,0.008665511265164644,0.0,0.0,0.010132501948558068,0.0,0.0,0.0,0.0,0.0
TCGA-DU-A6S6,0.5597920277296361,-0.008447729672650475,0.0,0.5705378020265004,-0.0018587360594795538,0.0,0.5510729613733906,0.0,0.0
TCGA-DU-A6S7,0.0,-0.0010559662090813093,0.0,0.003117692907248636,-0.006505576208178439,0.0,0.0008583690987124463,0.0,0.0
TCGA-DU-A6S8,0.012998266897746967,-0.0010559662090813093,0.0,0.010132501948558068,-0.0009293680297397769,0.0,0.0,0.0,0.0
TCGA-DU-A76K,0.9974003466204506,-1.0,1.0,0.9984411535463756,-1.0,1.0,0.9991416309012876,-1.0,1.0
TCGA-DU-A76L,0.9982668977469671,-0.9957761351636748,2.0,1.0,-0.9962825278810409,2.0,0.9991416309012876,-1.0,2.0
TCGA-DU-A76O,0.37954939341421146,-0.007391763463569166,0.0,0.35619641465315666,-0.0027881040892193307,0.0,0.384549356223176,0.0,0.0
TCGA-DU-A76R,0.6741767764298093,-1.0,-1.0,0.661730319563523,-0.9953531598513011,-1.0,0.6660944206008583,-1.0,-1.0
TCGA-DU-A7T6,0.0017331022530329288,0.0,0.0,0.002338269680436477,0.0,0.0,0.0008583690987124463,0.0,0.0
TCGA-DU-A7T8,0.6195840554592721,-0.0010559662090813093,0.0,0.6102883865939205,-0.0037174721189591076,0.0,0.6214592274678111,0.0,0.0
TCGA-DU-A7TA,1.0,-0.0031678986272439284,1.0,0.9992205767731879,-0.020446096654275093,1.0,1.0,0.0,1.0
TCGA-DU-A7TB,0.0017331022530329288,-0.0010559662090813093,0.0,0.00779423226812159,-0.0009293680297397769,0.0,0.0,0.0,0.0
TCGA-DU-A7TC,0.0,-0.012671594508975714,0.0,0.003117692907248636,-0.048327137546468404,0.0,0.0,0.0,0.0
TCGA-DU-A7TD,1.0,-1.0,2.0,1.0,-1.0,2.0,0.9991416309012876,-1.0,2.0
TCGA-DU-A7TG,0.0025996533795493936,0.0,0.0,0.000779423226812159,-0.0027881040892193307,0.0,0.0,0.0,0.0
TCGA-DU-A7TJ,0.9974003466204506,-0.9852164730728616,2.0,0.9976617303195635,-0.9860594795539034,2.0,0.9991416309012876,-0.9969604863221885,2.0
TCGA-E1-5302,0.597053726169844,0.0,0.0,0.5892439594699922,0.0,0.0,0.5965665236051502,0.0,0.0
TCGA-E1-5303,0.012131715771230503,0.0,0.0,0.009353078721745909,0.0,0.0,0.0008583690987124463,0.0,0.0
TCGA-E1-5304,0.9948006932409013,-0.1700105596620908,1.0,0.9984411535463756,-0.7211895910780669,1.0,1.0,-0.1094224924012158,1.0
TCGA-E1-5305,0.0008665511265164644,-0.005279831045406547,0.0,0.009353078721745909,0.0,0.0,0.0,0.0,0.0
TCGA-E1-5307,0.0,-0.0010559662090813093,0.0,0.002338269680436477,-0.004646840148698885,0.0,0.0008583690987124463,0.0,0.0
TCGA-E1-5311,0.0025996533795493936,-0.9767687434002112,0.0,0.003897116134060795,-0.9823420074349443,0.0,0.0,-1.0,0.0
TCGA-E1-5318,0.006065857885615251,-0.005279831045406547,0.0,0.00779423226812159,-0.0027881040892193307,0.0,0.0,0.0,0.0
TCGA-E1-5319,0.0025996533795493936,0.0,0.0,0.000779423226812159,0.0,0.0,0.0,0.0,0.0
TCGA-E1-5322,0.4480069324090121,-0.0010559662090813093,0.0,0.48713951675759937,-0.0009293680297397769,0.0,0.9991416309012876,0.0,1.0
TCGA-E1-A7YD,0.9991334488734835,-1.0,2.0,1.0,-1.0,2.0,0.9991416309012876,-1.0,2.0
TCGA-E1-A7YE,0.0008665511265164644,-0.6578669482576558,0.0,0.003117692907248636,-0.5920074349442379,0.0,0.0,-0.6149949341438703,0.0
TCGA-E1-A7YH,0.008665511265164644,-0.0031678986272439284,0.0,0.0,-0.017657992565055763,0.0,0.0,0.0,0.0
TCGA-E1-A7YI,0.004332755632582322,-0.7697993664202746,0.0,0.004676539360872954,-0.7481412639405205,0.0,0.0017167381974248926,-0.7426545086119554,0.0
TCGA-E1-A7YJ,0.33882149046793764,-1.0,2.0,0.34060795011691347,-1.0,2.0,0.3261802575107296,-1.0,2.0
TCGA-E1-A7YK,0.005199306759098787,0.0,0.0,0.006235385814497272,0.0,0.0,0.0008583690987124463,0.0,0.0
TCGA-E1-A7YL,0.9922010398613518,-0.9926082365364308,1.0,0.995323460639127,-0.9934944237918215,1.0,0.9991416309012876,-1.0,1.0
TCGA-E1-A7YM,1.0,-0.9989440337909187,1.0,0.9992205767731879,-0.9990706319702602,1.0,0.9991416309012876,-1.0,1.0
TCGA-E1-A7YN,0.9974003466204506,-1.0,1.0,0.9984411535463756,-1.0,1.0,0.9991416309012876,-1.0,1.0
TCGA-E1-A7YO,0.005199306759098787,-0.0010559662090813093,0.0,0.004676539360872954,-0.0018587360594795538,0.0,0.0,0.0,0.0
TCGA-E1-A7YQ,0.9913344887348353,-1.0,2.0,0.9914263445050663,-1.0,2.0,0.9991416309012876,-1.0,2.0
TCGA-E1-A7YS,0.011265164644714038,-0.005279831045406547,0.0,0.007014809041309431,-0.0018587360594795538,0.0,0.0,0.0,0.0
TCGA-E1-A7YU,0.0008665511265164644,-0.007391763463569166,0.0,0.001558846453624318,-0.0009293680297397769,0.0,0.0008583690987124463,0.0,0.0
TCGA-E1-A7YV,0.005199306759098787,-0.6230200633579726,0.0,0.004676539360872954,-0.5994423791821561,0.0,0.006008583690987125,-0.5876393110435664,0.0
TCGA-E1-A7YW,0.0017331022530329288,0.0,0.0,0.0,0.0,0.0,0.0,0.0,0.0
TCGA-E1-A7YY,0.0,-0.02006335797254488,0.0,0.0,-0.011152416356877323,0.0,0.0,0.0,0.0
TCGA-E1-A7Z2,0.5268630849220104,-0.8637803590285111,1.0,0.5300077942322681,-0.8475836431226765,1.0,0.5090128755364807,-0.851063829787234,1.0
TCGA-E1-A7Z3,0.5268630849220104,-0.02006335797254488,0.0,0.5183164458300857,-0.0009293680297397769,0.0,0.5313304721030043,0.0,0.0
TCGA-E1-A7Z4,0.008665511265164644,-0.6240760295670539,0.0,0.002338269680436477,-0.612453531598513,0.0,0.0,-0.03951367781155015,0.0
TCGA-E1-A7Z6,0.292894280762565,-0.005279831045406547,0.0,0.2860483242400624,-0.004646840148698885,0.0,0.296137339055794,-0.0010131712259371835,0.0
TCGA-EZ-7264,0.0017331022530329288,-0.007391763463569166,0.0,0.001558846453624318,-0.0009293680297397769,0.0,0.0,0.0,0.0
TCGA-F6-A8O3,0.0,-0.01689545934530095,0.0,0.0,-0.004646840148698885,0.0,0.0,0.0,0.0
TCGA-F6-A8O4,0.5346620450606586,-0.007391763463569166,0.0,0.5331254871395168,-0.004646840148698885,0.0,0.5502145922746781,0.0,0.0
TCGA-FG-5962,1.0,-0.0021119324181626186,1.0,1.0,-0.0018587360594795538,1.0,1.0,0.0,1.0
TCGA-FG-5963,0.13344887348353554,0.0,0.0,0.18472330475448168,0.0,1.0,0.04377682403433476,0.0,2.0
TCGA-FG-5964,0.0034662045060658577,-0.006335797254487857,0.0,0.010132501948558068,-0.0055762081784386614,0.0,0.0,0.0,0.0
TCGA-FG-5965,0.6880415944540728,0.0,1.0,0.6586126266562744,-0.0037174721189591076,0.0,0.6660944206008583,0.0,0.0
TCGA-FG-6688,0.9991334488734835,-0.9989440337909187,2.0,0.9992205767731879,-0.9990706319702602,2.0,0.9991416309012876,-1.0,2.0
TCGA-FG-6689,0.026863084922010397,-0.0021119324181626186,0.0,0.019485580670303974,-0.0018587360594795538,0.0,0.0,0.0,0.0
TCGA-FG-6690,0.5459272097053726,-0.007391763463569166,0.0,0.5627435697583788,-0.0027881040892193307,0.0,0.5399141630901287,0.0,0.0
TCGA-FG-6691,0.9991334488734835,0.0,1.0,0.9992205767731879,0.0,1.0,0.9991416309012876,0.0,1.0
TCGA-FG-6692,0.9774696707105719,-1.0,2.0,0.9758378799688231,-1.0,2.0,0.9802575107296138,-1.0,2.0
TCGA-FG-7634,0.9974003466204506,-0.0010559662090813093,1.0,0.9968823070927514,-0.015799256505576207,1.0,1.0,0.0,1.0
TCGA-FG-7636,0.29982668977469673,-0.0010559662090813093,0.0,0.31254871395167577,-0.0018587360594795538,0.0,0.0,0.0,0.0
TCGA-FG-7638,0.006932409012131715,0.0,0.0,0.000779423226812159,0.0,0.0,0.002575107296137339,0.0,0.0
TCGA-FG-7641,0.029462738301559793,-0.027455121436114043,0.0,0.020265003897116135,-0.0055762081784386614,0.0,0.0,0.0,0.0
TCGA-FG-7643,0.9991334488734835,-1.0,1.0,0.9992205767731879,-1.0,1.0,0.9991416309012876,-1.0,1.0
TCGA-FG-8181,0.010398613518197574,-0.004223864836325237,0.0,0.004676539360872954,-0.007434944237918215,0.0,0.0,0.0,0.0
TCGA-FG-8182,0.5727902946273831,-0.0010559662090813093,2.0,0.573655494933749,0.0,2.0,0.9991416309012876,0.0,1.0
TCGA-FG-8185,0.011265164644714038,-0.0010559662090813093,0.0,0.021044427123928292,-0.2732342007434944,0.0,0.0,-0.002026342451874367,0.0
TCGA-FG-8186,0.5173310225303293,-0.022175290390707498,0.0,0.5074045206547155,-0.008364312267657992,0.0,0.5218884120171674,0.0,0.0
TCGA-FG-8187,0.006932409012131715,-0.0031678986272439284,0.0,0.013250194855806703,-0.0018587360594795538,0.0,0.0,0.0,0.0
TCGA-FG-8188,0.0025996533795493936,-0.14889123548046462,0.0,0.013250194855806703,-0.19981412639405205,0.0,0.0,-0.12360688956433637,0.0
TCGA-FG-8189,0.0,0.0,0.0,0.0,-0.013940520446096654,0.0,0.0,0.0,0.0
TCGA-FG-8191,0.0,0.0,0.0,0.010132501948558068,0.0,0.0,0.0,0.0,0.0
TCGA-FG-A4MT,0.0008665511265164644,-0.005279831045406547,0.0,0.000779423226812159,-0.008364312267657992,0.0,0.0008583690987124463,0.0,0.0
TCGA-FG-A4MU,1.0,-1.0,2.0,1.0,-1.0,2.0,0.9991416309012876,-1.0,2.0
TCGA-FG-A4MW,0.9991334488734835,-1.0,2.0,1.0,-1.0,2.0,0.9991416309012876,-1.0,2.0
TCGA-FG-A4MX,0.006932409012131715,-0.0010559662090813093,0.0,0.026500389711613406,-0.0009293680297397769,0.0,0.0017167381974248926,0.0,0.0
TCGA-FG-A4MY,0.0,-0.007391763463569166,0.0,0.002338269680436477,-0.012081784386617101,0.0,0.0,-0.004052684903748734,0.0
TCGA-FG-A60J,0.008665511265164644,0.0,0.0,0.003117692907248636,-0.0027881040892193307,0.0,0.0,0.0,0.0
TCGA-FG-A60K,0.008665511265164644,0.0,0.0,0.005455962587685113,-0.0018587360594795538,0.0,0.0,0.0,0.0
TCGA-FG-A60L,0.3396880415944541,-0.006335797254487857,0.0,0.33593141075604055,-0.0055762081784386614,0.0,0.34506437768240344,0.0,0.0
TCGA-FG-A6IZ,0.008665511265164644,-0.004223864836325237,0.0,0.021823850350740453,-0.0018587360594795538,0.0,0.0,0.0,0.0
TCGA-FG-A6J1,0.0008665511265164644,-0.0021119324181626186,0.0,0.003117692907248636,-0.013011152416356878,0.0,0.0,0.0,0.0
TCGA-FG-A6J3,0.01559792027729636,-0.6515311510031679,0.0,0.20810600155884645,-0.6171003717472119,1.0,0.0,-0.5876393110435664,0.0
TCGA-FG-A70Y,0.00779896013864818,-0.006335797254487857,0.0,0.0,-0.0018587360594795538,0.0,0.0,0.0,0.0
TCGA-FG-A70Z,0.9974003466204506,-0.9926082365364308,2.0,1.0,-0.9934944237918215,2.0,0.9991416309012876,-0.9929078014184397,2.0
TCGA-FG-A710,0.008665511265164644,-0.0021119324181626186,0.0,0.010132501948558068,-0.0037174721189591076,0.0,0.0,0.0,0.0
TCGA-FG-A711,0.47920277296360486,-0.24181626187961985,0.0,0.4793452844894778,-0.22490706319702602,0.0,0.4875536480686695,-0.21580547112462006,0.0
TCGA-FG-A713,0.004332755632582322,-0.006335797254487857,0.0,0.003117692907248636,-0.0009293680297397769,0.0,0.0,0.0,0.0
TCGA-FG-A87N,0.0025996533795493936,-0.20908130939809927,0.0,0.002338269680436477,-0.18587360594795538,0.0,0.0,-0.1661600810536981,0.0
TCGA-FG-A87Q,0.9696707105719238,-1.0,2.0,0.9742790335151987,-1.0,2.0,0.976824034334764,-1.0,2.0
TCGA-FN-7833,0.0017331022530329288,-0.0010559662090813093,0.0,0.003897116134060795,-0.0018587360594795538,0.0,0.0,0.0,0.0
TCGA-HT-7467,0.0034662045060658577,0.0,0.0,0.004676539360872954,-0.004646840148698885,0.0,0.0,0.0,0.0
TCGA-HT-7468,0.005199306759098787,-0.0010559662090813093,0.0,0.00857365549493375,-0.0009293680297397769,0.0,0.0,0.0,0.0
TCGA-HT-7469,0.006065857885615251,-0.6230200633579726,0.0,0.09353078721745908,-0.5985130111524164,0.0,0.0,-0.45997973657548125,0.0
TCGA-HT-7470,0.01993067590987868,-0.009503695881731784,0.0,0.04520654715510522,-0.006505576208178439,0.0,0.008583690987124463,0.0,0.0
TCGA-HT-7471,0.0008665511265164644,-0.9978880675818373,0.0,0.005455962587685113,-0.9981412639405205,0.0,0.0,-1.0,0.0
TCGA-HT-7472,0.014731369150779897,-0.0010559662090813093,0.0,0.01558846453624318,-0.006505576208178439,0.0,0.0,0.0,0.0
TCGA-HT-7473,0.9965337954939342,-0.18796198521647306,1.0,0.9992205767731879,-0.17286245353159851,1.0,0.9991416309012876,-0.16312056737588654,1.0
TCGA-HT-7474,0.02772963604852686,-0.0010559662090813093,0.0,0.05300077942322681,0.0,0.0,0.0,0.0,0.0
TCGA-HT-7475,0.5,-0.026399155227032733,0.0,0.49415432579890883,-0.006505576208178439,0.0,0.5030042918454936,0.0,0.0
TCGA-HT-7476,0.00779896013864818,-0.7687434002111933,0.0,0.019485580670303974,-0.7434944237918215,0.0,0.0008583690987124463,-0.7426545086119554,0.0
TCGA-HT-7477,0.6637781629116117,-0.06546990496304118,1.0,0.5448168355416991,-0.08828996282527882,1.0,0.711587982832618,-0.07092198581560284,1.0
TCGA-HT-7478,0.011265164644714038,-0.011615628299894404,0.0,0.018706157443491817,0.0,0.0,0.0,0.0,0.0
TCGA-HT-7479,0.0025996533795493936,-0.0010559662090813093,0.0,0.002338269680436477,-0.0027881040892193307,0.0,0.0008583690987124463,0.0,0.0
TCGA-HT-7480,0.00779896013864818,-0.005279831045406547,0.0,0.013250194855806703,-0.004646840148698885,0.0,0.0,0.0,0.0
TCGA-HT-7481,0.008665511265164644,0.0,0.0,0.009353078721745909,0.0,0.0,0.0,0.0,0.0
TCGA-HT-7482,0.011265164644714038,-0.14149947201689547,0.0,0.002338269680436477,-0.17472118959107807,0.0,0.0008583690987124463,0.0,0.0
TCGA-HT-7483,0.0025996533795493936,-0.191129883843717,0.0,0.001558846453624318,-0.17472118959107807,0.0,0.0008583690987124463,-0.1661600810536981,0.0
TCGA-HT-7485,0.0,-0.20591341077085534,0.0,0.004676539360872954,-0.18866171003717472,0.0,0.0,-0.18034447821681865,0.0
TCGA-HT-7601,0.01386481802426343,0.0,0.0,0.006235385814497272,0.0,0.0,0.0,0.0,0.0
TCGA-HT-7602,0.006065857885615251,-0.023231256599788808,0.0,0.009353078721745909,-0.008364312267657992,0.0,0.002575107296137339,0.0,0.0
TCGA-HT-7603,0.004332755632582322,0.0,0.0,0.003897116134060795,0.0,0.0,0.0,0.0,0.0
TCGA-HT-7604,0.5805892547660312,-0.029567053854276663,0.0,0.5767731878409976,-0.0037174721189591076,0.0,0.5845493562231759,-0.002026342451874367,0.0
TCGA-HT-7605,0.01733102253032929,-0.0021119324181626186,0.0,0.014029618082618862,-0.0018587360594795538,0.0,0.0008583690987124463,0.0,0.0
TCGA-HT-7606,0.0017331022530329288,-0.4508975712777191,0.0,0.001558846453624318,-0.4191449814126394,0.0,0.0,-0.4093211752786221,0.0
TCGA-HT-7607,0.004332755632582322,0.0,0.0,0.001558846453624318,0.0,0.0,0.0,0.0,0.0
TCGA-HT-7608,0.0034662045060658577,0.0,0.0,0.010911925175370226,-0.0018587360594795538,0.0,0.0,0.0,0.0
TCGA-HT-7609,0.26949740034662045,-0.0010559662090813093,0.0,0.2774746687451286,-0.0018587360594795538,0.0,0.0,0.0,0.0
TCGA-HT-7610,0.669844020797227,-0.0031678986272439284,0.0,0.5354637568199533,-0.0018587360594795538,0.0,0.5502145922746781,0.0,0.0
TCGA-HT-7611,0.009532062391681109,-0.0010559662090813093,0.0,0.003117692907248636,-0.0009293680297397769,0.0,0.0,0.0,0.0
TCGA-HT-7616,0.006065857885615251,-0.004223864836325237,0.0,0.00857365549493375,-0.011152416356877323,0.0,0.0,0.0,0.0
TCGA-HT-7620,0.01559792027729636,0.0,0.0,0.02260327357755261,0.0,0.0,0.011158798283261802,-0.0010131712259371835,0.0
TCGA-HT-7676,0.0034662045060658577,-0.0010559662090813093,0.0,0.007014809041309431,-0.0037174721189591076,0.0,0.0,0.0,0.0
TCGA-HT-7677,0.01559792027729636,-0.004223864836325237,0.0,0.010132501948558068,-0.011152416356877323,0.0,0.0,0.0,0.0
TCGA-HT-7680,0.00779896013864818,-0.03167898627243928,0.0,0.004676539360872954,-0.01858736059479554,0.0,0.0,0.0,0.0
TCGA-HT-7681,0.0,-0.004223864836325237,0.0,0.001558846453624318,-0.015799256505576207,0.0,0.0,0.0,0.0
TCGA-HT-7684,0.058925476603119586,-0.0031678986272439284,1.0,0.000779423226812159,-0.008364312267657992,0.0,0.0,-0.002026342451874367,0.0
TCGA-HT-7686,0.0034662045060658577,-0.005279831045406547,0.0,0.001558846453624318,-0.0009293680297397769,0.0,0.0,0.0,0.0
TCGA-HT-7687,0.006932409012131715,-0.022175290390707498,0.0,0.07716289945440374,-0.00929368029739777,0.0,0.0,0.0,0.0
TCGA-HT-7688,0.2391681109185442,-0.49947201689545934,0.0,0.36009353078721745,-0.45724907063197023,1.0,0.9931330472103004,-0.16312056737588654,1.0
TCGA-HT-7689,0.032062391681109186,-0.1119324181626188,0.0,0.029618082618862042,-0.11524163568773234,0.0,0.0008583690987124463,-0.0010131712259371835,0.0
TCGA-HT-7690,0.022530329289428077,-0.3041182682154171,0.0,0.018706157443491817,-0.27695167286245354,0.0,0.0,-0.2755825734549139,0.0
TCGA-HT-7691,0.0389948006932409,0.0,0.0,0.05144193296960249,-0.0009293680297397769,0.0,0.020600858369098713,0.0,0.0
TCGA-HT-7692,0.02339688041594454,-0.006335797254487857,0.0,0.03975058456742011,-0.00929368029739777,0.0,0.01630901287553648,0.0,0.0
TCGA-HT-7693,0.5173310225303293,-0.20802534318901794,0.0,0.5892439594699922,-0.19052044609665428,0.0,0.5236051502145923,-0.1691995947315096,0.0
TCGA-HT-7694,0.0017331022530329288,-0.0010559662090813093,0.0,0.0171473109898675,-0.0009293680297397769,0.0,0.0,0.0,0.0
TCGA-HT-7695,0.0008665511265164644,0.0,0.0,0.003117692907248636,0.0,0.0,0.0,0.0,0.0
TCGA-HT-7854,0.006065857885615251,-0.0010559662090813093,0.0,0.001558846453624318,-0.0009293680297397769,0.0,0.0,0.0,0.0
TCGA-HT-7855,0.0,-0.014783526927138331,0.0,0.003897116134060795,-0.47026022304832715,0.0,0.0008583690987124463,0.0,0.0
TCGA-HT-7856,0.0008665511265164644,-0.007391763463569166,0.0,0.000779423226812159,-0.0009293680297397769,0.0,0.0,0.0,0.0
TCGA-HT-7857,0.0017331022530329288,-0.37697993664202745,0.0,0.001558846453624318,-0.37825278810408924,0.0,0.0,-1.0,0.0
TCGA-HT-7858,0.0,0.0,0.0,0.019485580670303974,0.0,0.0,0.0,0.0,0.0
TCGA-HT-7860,0.9974003466204506,-1.0,1.0,0.9929851909586905,-1.0,1.0,0.9991416309012876,-1.0,1.0
TCGA-HT-7873,0.008665511265164644,-0.4477296726504752,0.0,0.010911925175370226,-0.41728624535315983,0.0,0.0,-0.40628166160081053,0.0
TCGA-HT-7874,0.0008665511265164644,-0.0021119324181626186,0.0,0.000779423226812159,-0.010223048327137546,0.0,0.0,-0.0010131712259371835,0.0
TCGA-HT-7875,0.0017331022530329288,-0.0010559662090813093,0.0,0.005455962587685113,-0.0009293680297397769,0.0,0.0,0.0,0.0
TCGA-HT-7877,0.0,0.0,0.0,0.000779423226812159,0.0,0.0,0.0,0.0,0.0
TCGA-HT-7879,0.016464471403812825,-0.18796198521647306,0.0,0.01558846453624318,-0.17286245353159851,0.0,0.0,-0.16312056737588654,0.0
TCGA-HT-7880,0.36221837088388215,-0.008447729672650475,0.0,0.5362431800467654,-0.0027881040892193307,0.0,0.0,0.0,0.0
TCGA-HT-7881,0.0017331022530329288,-0.013727560718057022,0.0,0.005455962587685113,-0.004646840148698885,0.0,0.0,0.0,0.0
TCGA-HT-7882,0.9939341421143848,-0.9852164730728616,1.0,0.9937646141855028,-0.9888475836431226,1.0,0.9991416309012876,-1.0,1.0
TCGA-HT-7884,0.6291161178509532,-0.010559662090813094,0.0,0.5284489477786438,-0.0009293680297397769,0.0,0.6334763948497855,0.0,0.0
TCGA-HT-7902,0.021663778162911613,-0.6568109820485745,0.0,0.000779423226812159,-0.6059479553903345,0.0,0.0,-0.06281661600810537,0.0
TCGA-HT-8010,0.0,-0.01583949313621964,0.0,0.000779423226812159,-0.008364312267657992,0.0,0.0,0.0,0.0
TCGA-HT-8011,0.9982668977469671,-1.0,2.0,0.9992205767731879,-1.0,2.0,1.0,-1.0,1.0
TCGA-HT-8012,0.0017331022530329288,0.0,0.0,0.017926734216679657,-0.010223048327137546,0.0,0.0,0.0,0.0
TCGA-HT-8013,1.0,-0.0010559662090813093,1.0,1.0,-0.0027881040892193307,1.0,1.0,0.0,1.0
TCGA-HT-8015,0.012998266897746967,-0.006335797254487857,0.0,0.011691348402182385,-0.0009293680297397769,0.0,0.0,0.0,0.0
TCGA-HT-8018,0.0034662045060658577,0.0,0.0,0.010132501948558068,0.0,0.0,0.0,0.0,0.0
TCGA-HT-8104,0.9939341421143848,-1.0,2.0,0.995323460639127,-1.0,2.0,0.9991416309012876,-1.0,2.0
TCGA-HT-8105,0.0017331022530329288,-0.0021119324181626186,0.0,0.001558846453624318,-0.0018587360594795538,0.0,0.0,0.0,0.0
TCGA-HT-8106,0.134315424610052,-0.5068637803590285,0.0,0.09353078721745908,-0.483271375464684,0.0,0.0008583690987124463,0.0,0.0
TCGA-HT-8107,0.0034662045060658577,-0.004223864836325237,0.0,0.002338269680436477,-0.0018587360594795538,0.0,0.0,0.0,0.0
TCGA-HT-8108,0.5528596187175043,-0.48468848996832103,0.0,0.5541699142634451,-0.45817843866171004,0.0,0.5708154506437768,-0.44275582573454914,0.0
TCGA-HT-8109,0.0025996533795493936,-0.0031678986272439284,0.0,0.003897116134060795,-0.0027881040892193307,0.0,0.0,-0.0010131712259371835,0.0
TCGA-HT-8110,0.9974003466204506,-1.0,2.0,0.9984411535463756,-1.0,2.0,0.9991416309012876,-1.0,2.0
TCGA-HT-8111,0.0,-0.0010559662090813093,0.0,0.0,-0.004646840148698885,0.0,0.0008583690987124463,0.0,0.0
TCGA-HT-8113,0.0025996533795493936,-0.026399155227032733,0.0,0.002338269680436477,-0.015799256505576207,0.0,0.0,0.0,0.0
TCGA-HT-8114,0.37435008665511266,-0.0031678986272439284,0.0,0.37568199532346064,-0.0018587360594795538,0.0,0.3811158798283262,0.0,0.0
TCGA-HT-8563,0.0,-0.18796198521647306,0.0,0.001558846453624318,-0.17286245353159851,0.0,0.0,-0.16312056737588654,0.0
TCGA-HT-8564,0.8457538994800693,-1.0,0.0,0.7155105222135619,-1.0,1.0,0.9982832618025751,-1.0,1.0
TCGA-HT-A4DS,0.9922010398613518,-1.0,1.0,0.995323460639127,-1.0,1.0,0.9991416309012876,-1.0,1.0
TCGA-HT-A4DV,0.0017331022530329288,-0.007391763463569166,0.0,0.0,-0.019516728624535316,0.0,0.0,0.0,0.0
TCGA-HT-A5R5,0.9965337954939342,-0.021119324181626188,1.0,0.995323460639127,-0.007434944237918215,1.0,0.9991416309012876,0.0,1.0
TCGA-HT-A5R7,0.053726169844020795,-0.6473072861668426,0.0,0.04598597038191738,-0.6979553903345725,0.0,0.04034334763948498,-0.790273556231003,0.0
TCGA-HT-A5R9,0.9965337954939342,-0.0010559662090813093,1.0,1.0,-0.0009293680297397769,1.0,0.9991416309012876,0.0,1.0
TCGA-HT-A5RA,0.6707105719237435,-1.0,2.0,0.6625097427903351,-1.0,2.0,0.6738197424892703,-1.0,2.0
TCGA-HT-A5RB,0.004332755632582322,-0.021119324181626188,0.0,0.003117692907248636,-0.04460966542750929,0.0,0.0008583690987124463,0.0,0.0
TCGA-HT-A5RC,1.0,-1.0,2.0,1.0,-1.0,2.0,0.9991416309012876,-1.0,2.0
TCGA-HT-A614,0.0017331022530329288,-0.007391763463569166,0.0,0.000779423226812159,-0.015799256505576207,0.0,0.0,0.0,0.0
TCGA-HT-A615,0.0034662045060658577,0.0,0.0,0.003897116134060795,-0.011152416356877323,0.0,0.0,0.0,0.0
TCGA-HT-A616,0.6681109185441941,-0.011615628299894404,0.0,0.6586126266562744,-0.00929368029739777,0.0,0.6678111587982832,0.0,0.0
TCGA-HT-A617,0.9974003466204506,-0.9461457233368532,1.0,1.0,-0.9488847583643123,1.0,0.9991416309012876,-0.9463019250253293,1.0
TCGA-HT-A618,0.13778162911611785,-0.0010559662090813093,0.0,0.13951675759937646,-0.0009293680297397769,0.0,0.0,0.0,0.0
TCGA-HT-A619,0.9974003466204506,0.0,1.0,0.9992205767731879,0.0,1.0,0.9991416309012876,0.0,1.0
TCGA-HT-A61B,0.0008665511265164644,-0.021119324181626188,0.0,0.005455962587685113,-0.026022304832713755,0.0,0.0,0.0,0.0
TCGA-HT-A61C,0.9982668977469671,-1.0,1.0,0.9992205767731879,-1.0,1.0,0.9991416309012876,-1.0,1.0
TCGA-HT-A74H,0.9939341421143848,-0.986272439281943,1.0,0.9984411535463756,-0.9869888475836431,1.0,0.9991416309012876,-1.0,1.0
TCGA-HT-A74J,0.9974003466204506,-0.0010559662090813093,1.0,1.0,-0.0018587360594795538,1.0,1.0,0.0,1.0
TCGA-HT-A74K,0.9246100519930676,-0.0010559662090813093,1.0,0.8721745908028059,-0.0009293680297397769,1.0,0.9965665236051502,0.0,1.0
TCGA-HT-A74L,0.4904679376083189,-0.006335797254487857,0.0,0.48246297739672644,-0.0018587360594795538,0.0,0.4978540772532189,0.0,0.0
TCGA-HT-A74O,0.5216637781629117,0.0,0.0,0.5175370226032736,0.0,0.0,0.5218884120171674,0.0,0.0
TCGA-HW-7486,0.207105719237435,-0.0021119324181626186,0.0,0.33904910366328916,-0.0018587360594795538,0.0,0.0,0.0,0.0
TCGA-HW-7487,0.0,0.0,0.0,0.002338269680436477,0.0,0.0,0.0008583690987124463,0.0,0.0
TCGA-HW-7489,0.00779896013864818,-0.01689545934530095,0.0,0.024162120031176928,-0.16821561338289961,0.0,0.0,0.0,0.0
TCGA-HW-7490,0.006065857885615251,-0.0010559662090813093,0.0,0.014029618082618862,-0.007434944237918215,0.0,0.0,0.0,0.0
TCGA-HW-7491,0.0008665511265164644,-0.011615628299894404,0.0,0.0171473109898675,-0.0027881040892193307,0.0,0.0008583690987124463,0.0,0.0
TCGA-HW-7495,0.5398613518197574,-0.0010559662090813093,0.0,0.534684333593141,-0.0009293680297397769,0.0,0.5587982832618026,0.0,0.0
TCGA-HW-8319,0.0017331022530329288,-0.021119324181626188,0.0,0.001558846453624318,-0.007434944237918215,0.0,0.0,0.0,0.0
TCGA-HW-8320,0.0008665511265164644,0.0,0.0,0.004676539360872954,0.0,0.0,0.0,0.0,0.0
TCGA-HW-8321,0.0034662045060658577,-0.5945089757127772,0.0,0.009353078721745909,-0.45353159851301117,0.0,0.0,-0.5501519756838906,0.0
TCGA-HW-8322,0.5155979202772963,-0.0010559662090813093,0.0,0.5066250974279034,-0.0009293680297397769,0.0,0.5218884120171674,0.0,0.0
TCGA-HW-A5KJ,0.5545927209705372,0.0,0.0,0.5541699142634451,0.0,0.0,0.5630901287553648,0.0,0.0
TCGA-HW-A5KK,0.25043327556325823,-1.0,2.0,0.17614964925954793,-0.9990706319702602,2.0,0.24892703862660945,-1.0,2.0
TCGA-HW-A5KL,0.0,-0.006335797254487857,-1.0,0.003117692907248636,-0.0018587360594795538,-1.0,0.0,0.0,-1.0
TCGA-HW-A5KM,0.28162911611785096,-0.004223864836325237,0.0,0.37022603273577553,-0.0018587360594795538,0.0,0.2772532188841202,0.0,0.0
TCGA-IK-7675,0.009532062391681109,-0.48468848996832103,0.0,0.010132501948558068,-0.4544609665427509,0.0,0.0,-0.4518743667679838,0.0
TCGA-IK-8125,0.005199306759098787,-0.0031678986272439284,0.0,0.006235385814497272,-0.0027881040892193307,0.0,0.0,0.0,0.0
TCGA-KT-A74X,0.008665511265164644,-0.0031678986272439284,0.0,0.003117692907248636,-0.0018587360594795538,0.0,0.0008583690987124463,0.0,0.0
TCGA-KT-A7W1,0.9991334488734835,-1.0,2.0,1.0,-1.0,2.0,0.9982832618025751,-1.0,2.0
TCGA-OX-A56R,0.9948006932409013,-0.9746568109820486,2.0,0.9992205767731879,-0.9730483271375465,2.0,0.9991416309012876,-0.9766970618034447,2.0
TCGA-P5-A5ET,0.009532062391681109,0.0,0.0,0.003897116134060795,0.0,0.0,0.0,0.0,0.0
TCGA-P5-A5EU,0.004332755632582322,-0.20696937697993664,0.0,0.01636788776305534,-0.1895910780669145,0.0,0.0,-0.182370820668693,0.0
TCGA-P5-A5EV,0.6230502599653379,-0.10982048574445617,0.0,0.6219797349961029,-0.06319702602230483,0.0,0.6377682403433477,0.0,0.0
TCGA-P5-A5EW,0.01733102253032929,-0.0010559662090813093,0.0,0.000779423226812159,-0.0009293680297397769,0.0,0.0,0.0,0.0
TCGA-P5-A5EX,0.004332755632582322,-0.0021119324181626186,0.0,0.003117692907248636,-0.0027881040892193307,0.0,0.0,0.0,0.0
TCGA-P5-A5EY,0.004332755632582322,-0.012671594508975714,0.0,0.006235385814497272,-0.0055762081784386614,0.0,0.0,0.0,0.0
TCGA-P5-A5EZ,0.36221837088388215,-0.7434002111932418,0.0,0.32969602494154326,-0.7044609665427509,0.0,0.7502145922746781,-0.7629179331306991,1.0
TCGA-P5-A5F0,0.9965337954939342,-0.0021119324181626186,1.0,0.9984411535463756,-0.0009293680297397769,1.0,0.9991416309012876,0.0,1.0
TCGA-P5-A5F1,0.40121317157712305,0.0,0.0,0.38893219017926733,0.0,0.0,0.3562231759656652,0.0,0.0
TCGA-P5-A5F2,0.0025996533795493936,-0.5163674762407603,0.0,0.004676539360872954,-0.48141263940520446,0.0,0.0,-0.45997973657548125,0.0
TCGA-P5-A5F4,0.0,-0.06019007391763464,0.0,0.006235385814497272,-0.05855018587360595,0.0,0.0,-0.0182370820668693,0.0
TCGA-P5-A5F6,0.014731369150779897,-0.0010559662090813093,-1.0,0.3289166017147311,-0.0037174721189591076,-1.0,0.0,0.0,-1.0
TCGA-P5-A72U,0.9618717504332756,-1.0,1.0,0.9649259547934529,-1.0,1.0,0.9639484978540772,-1.0,1.0
TCGA-P5-A72W,0.005199306759098787,-0.17634635691657866,0.0,0.017926734216679657,-0.31970260223048325,0.0,0.0,-0.16109422492401215,0.0
TCGA-P5-A72X,0.0008665511265164644,0.0,0.0,0.001558846453624318,-0.0027881040892193307,0.0,0.0,0.0,0.0
TCGA-P5-A72Z,0.0,-0.0010559662090813093,0.0,0.001558846453624318,0.0,0.0,0.0,0.0,0.0
TCGA-P5-A730,0.010398613518197574,-0.0031678986272439284,0.0,0.003897116134060795,-0.0055762081784386614,0.0,0.0,-0.0010131712259371835,0.0
TCGA-P5-A731,0.5034662045060658,-0.0031678986272439284,0.0,0.49415432579890883,-0.0009293680297397769,0.0,0.5107296137339056,0.0,0.0
TCGA-P5-A733,0.44714038128249567,0.0,0.0,0.4388152766952455,0.0,0.0,0.45407725321888415,0.0,0.0
TCGA-P5-A735,0.0025996533795493936,-0.024287222808870117,0.0,0.004676539360872954,-0.012081784386617101,0.0,0.0,0.0,0.0
TCGA-P5-A736,0.9402079722703639,-0.0010559662090813093,1.0,0.9984411535463756,-0.0009293680297397769,1.0,0.9991416309012876,0.0,1.0
TCGA-P5-A737,0.01559792027729636,0.0,0.0,0.012470771628994544,0.0,0.0,0.0,0.0,0.0
TCGA-P5-A77W,0.0,0.0,0.0,0.000779423226812159,0.0,0.0,0.0,0.0,0.0
TCGA-P5-A77X,0.0017331022530329288,-0.04329461457233368,0.0,0.0,-0.031598513011152414,0.0,0.0,-0.022289766970618033,0.0
TCGA-P5-A780,0.008665511265164644,-0.7697993664202746,0.0,0.002338269680436477,-0.7444237918215614,0.0,0.0008583690987124463,-0.7426545086119554,0.0
TCGA-P5-A781,0.0017331022530329288,-0.0010559662090813093,0.0,0.001558846453624318,-0.0009293680297397769,0.0,0.0,0.0,0.0
TCGA-QH-A65R,0.011265164644714038,-0.0021119324181626186,0.0,0.02260327357755261,-0.0009293680297397769,0.0,0.0,0.0,0.0
TCGA-QH-A65S,0.012131715771230503,-0.012671594508975714,0.0,0.01558846453624318,0.0,0.0,0.0,0.0,0.0
TCGA-QH-A65V,0.0,-0.007391763463569166,0.0,0.014029618082618862,-0.004646840148698885,0.0,0.0,0.0,0.0
TCGA-QH-A65X,0.0008665511265164644,-0.0021119324181626186,0.0,0.05611847233047545,-0.0037174721189591076,0.0,0.0,-0.0010131712259371835,0.0
TCGA-QH-A65Z,0.0017331022530329288,-0.0031678986272439284,0.0,0.003897116134060795,-0.004646840148698885,0.0,0.0,0.0,0.0
TCGA-QH-A6CS,0.9991334488734835,-0.9788806758183738,1.0,0.9976617303195635,-0.9860594795539034,1.0,0.9991416309012876,-1.0,1.0
TCGA-QH-A6CU,0.5407279029462738,-0.009503695881731784,0.0,0.534684333593141,-0.012081784386617101,0.0,0.5467811158798284,0.0,0.0
TCGA-QH-A6CV,0.9965337954939342,-0.989440337909187,2.0,0.9992205767731879,-0.9907063197026023,2.0,0.9991416309012876,-0.9898682877406282,2.0
TCGA-QH-A6CW,0.0,-0.006335797254487857,0.0,0.0,-0.0027881040892193307,0.0,0.0,0.0,0.0
TCGA-QH-A6CX,0.6889081455805892,-0.7940865892291447,2.0,0.6757599376461418,-0.7555762081784386,2.0,0.6824034334763949,-0.7507598784194529,2.0
TCGA-QH-A6CY,0.0,-0.0010559662090813093,0.0,0.003897116134060795,-0.013011152416356878,0.0,0.0,-0.0010131712259371835,0.0
TCGA-QH-A6CZ,0.0,-0.013727560718057022,0.0,0.002338269680436477,-0.007434944237918215,0.0,0.0,0.0,0.0
TCGA-QH-A6X3,0.4748700173310225,-0.21752903907074975,0.0,0.4715510522213562,-0.20724907063197026,0.0,0.48412017167381977,-0.1945288753799392,0.0
TCGA-QH-A6X4,0.0017331022530329288,-0.022175290390707498,0.0,0.0,0.0,0.0,0.0,0.0,0.0
TCGA-QH-A6X5,0.011265164644714038,-0.005279831045406547,0.0,0.002338269680436477,-0.00929368029739777,0.0,0.0,0.0,0.0
TCGA-QH-A6X8,0.0,-0.006335797254487857,0.0,0.0,-0.0362453531598513,0.0,0.0,0.0,0.0
TCGA-QH-A6X9,0.67157712305026,-0.2967265047518479,1.0,0.6788776305533905,-0.27137546468401486,1.0,0.9965665236051502,-0.2634245187436677,1.0
TCGA-QH-A6XA,0.3223570190641248,-0.0021119324181626186,0.0,0.2977396726422447,-0.0009293680297397769,0.0,0.7579399141630901,0.0,1.0
TCGA-QH-A6XC,1.0,-1.0,2.0,1.0,-1.0,2.0,0.9991416309012876,-1.0,2.0
TCGA-QH-A86X,0.006932409012131715,-0.0021119324181626186,0.0,0.002338269680436477,-0.007434944237918215,0.0,0.0,0.0,0.0
TCGA-QH-A870,0.4462738301559792,-0.03695881731784583,0.0,0.49025720966484804,-0.020446096654275093,0.0,0.41201716738197425,0.0,0.0
TCGA-R8-A6MK,0.008665511265164644,-0.007391763463569166,0.0,0.014029618082618862,-0.0027881040892193307,0.0,0.0,0.0,0.0
TCGA-R8-A6ML,0.006932409012131715,-0.0010559662090813093,0.0,0.007014809041309431,-0.007434944237918215,0.0,0.0,0.0,0.0
TCGA-R8-A6MO,0.0,-0.0021119324181626186,0.0,0.0,-0.008364312267657992,0.0,0.0,0.0,0.0
TCGA-R8-A6YH,0.02512998266897747,-0.006335797254487857,0.0,0.002338269680436477,0.0,0.0,0.0,0.0,0.0
TCGA-R8-A73M,0.0017331022530329288,-0.012671594508975714,0.0,0.003117692907248636,-0.0037174721189591076,0.0,0.0,0.0,0.0
TCGA-RR-A6KA,0.9982668977469671,-0.5554382259767687,1.0,1.0,-0.5604089219330854,1.0,0.9991416309012876,-0.5572441742654508,1.0
TCGA-RR-A6KB,0.9913344887348353,-0.9978880675818373,1.0,0.9945440374123149,-0.9981412639405205,2.0,0.9991416309012876,-1.0,1.0
TCGA-RR-A6KC,0.9948006932409013,-1.0,2.0,1.0,-1.0,2.0,0.9991416309012876,-1.0,2.0
TCGA-RY-A83X,0.0008665511265164644,-0.46673706441393875,0.0,0.001558846453624318,-0.44144981412639406,0.0,0.0,-0.4316109422492401,0.0
TCGA-RY-A83Y,0.0,-0.0021119324181626186,0.0,0.05066250974279034,-0.0018587360594795538,0.0,0.0,0.0,0.0
TCGA-RY-A83Z,0.0,-0.9271383315733897,0.0,0.000779423226812159,-0.9163568773234201,0.0,0.0,-0.9118541033434651,0.0
TCGA-RY-A840,0.008665511265164644,0.0,0.0,0.007014809041309431,0.0,0.0,0.0,0.0,0.0
TCGA-RY-A843,0.0017331022530329288,-0.004223864836325237,0.0,0.000779423226812159,-0.0055762081784386614,0.0,0.0,-0.013171225937183385,0.0
TCGA-RY-A845,0.9965337954939342,-0.007391763463569166,1.0,0.9968823070927514,-0.0055762081784386614,1.0,0.9991416309012876,0.0,1.0
TCGA-RY-A847,0.0,-0.006335797254487857,0.0,0.0,-0.0009293680297397769,0.0,0.0,0.0,0.0
TCGA-S9-A6TS,0.005199306759098787,-0.6546990496304118,-1.0,0.001558846453624318,-0.7592936802973977,-1.0,0.0,-1.0,-1.0
TCGA-S9-A6TU,0.0,-0.0010559662090813093,0.0,0.00779423226812159,-0.0009293680297397769,0.0,0.0,0.0,0.0
TCGA-S9-A6TV,0.0017331022530329288,-0.0010559662090813093,0.0,0.0,-0.0009293680297397769,0.0,0.0,0.0,0.0
TCGA-S9-A6TW,0.0017331022530329288,-0.022175290390707498,0.0,0.0,-0.0018587360594795538,0.0,0.0,0.0,0.0
TCGA-S9-A6TX,0.0,-0.021119324181626188,0.0,0.0,-0.008364312267657992,0.0,0.0,0.0,0.0
TCGA-S9-A6TY,0.9939341421143848,-0.0010559662090813093,1.0,0.9984411535463756,-0.004646840148698885,1.0,0.9991416309012876,0.0,1.0
TCGA-S9-A6TZ,0.0017331022530329288,-0.0031678986272439284,0.0,0.000779423226812159,-0.0055762081784386614,0.0,0.0,0.0,0.0
TCGA-S9-A6U0,0.9956672443674177,-0.9714889123548046,2.0,0.9929851909586905,-0.9795539033457249,2.0,0.9982832618025751,-0.9929078014184397,2.0
TCGA-S9-A6U1,0.004332755632582322,-0.0010559662090813093,0.0,0.003117692907248636,-0.0009293680297397769,0.0,0.0,0.0,0.0
TCGA-S9-A6U2,0.0,-0.0021119324181626186,0.0,0.000779423226812159,-0.0037174721189591076,0.0,0.0,0.0,0.0
TCGA-S9-A6U5,0.0008665511265164644,-0.004223864836325237,0.0,0.001558846453624318,-0.0055762081784386614,0.0,0.0,0.0,0.0
TCGA-S9-A6U6,0.04592720970537262,-0.20485744456177402,0.0,0.042868277474668745,-0.129182156133829,0.0,0.041201716738197426,0.0,0.0
TCGA-S9-A6U8,0.01559792027729636,0.0,0.0,0.00779423226812159,0.0,0.0,0.0,0.0,0.0
TCGA-S9-A6U9,0.00779896013864818,-0.0010559662090813093,0.0,0.011691348402182385,0.0,0.0,0.0,0.0,0.0
TCGA-S9-A6UA,0.01733102253032929,-0.27455121436114044,0.0,0.017926734216679657,-0.25092936802973975,0.0,0.0,-0.6605876393110436,0.0
TCGA-S9-A6UB,0.0,-0.23125659978880675,0.0,0.0,-0.22211895910780668,0.0,0.0,-0.2127659574468085,0.0
TCGA-S9-A6WD,0.0,0.0,0.0,0.0,0.0,0.0,0.0,0.0,0.0
TCGA-S9-A6WE,0.0,-0.0010559662090813093,0.0,0.003897116134060795,-0.0027881040892193307,0.0,0.0,0.0,0.0
TCGA-S9-A6WG,0.0034662045060658577,-0.006335797254487857,0.0,0.005455962587685113,-0.0009293680297397769,0.0,0.0,0.0,0.0
TCGA-S9-A6WH,0.05719237435008666,-0.0010559662090813093,0.0,0.05455962587685113,-0.0009293680297397769,0.0,0.09356223175965665,0.0,0.0
TCGA-S9-A6WI,0.0017331022530329288,-0.0010559662090813093,0.0,0.001558846453624318,-0.0055762081784386614,0.0,0.0,0.0,0.0
TCGA-S9-A6WL,0.0,-0.005279831045406547,0.0,0.0,-0.0009293680297397769,0.0,0.0,0.0,0.0
TCGA-S9-A6WM,0.9982668977469671,-1.0,2.0,1.0,-1.0,2.0,0.9991416309012876,-1.0,2.0
TCGA-S9-A6WN,0.006065857885615251,-0.0010559662090813093,0.0,0.004676539360872954,-0.0009293680297397769,0.0,0.0017167381974248926,0.0,0.0
TCGA-S9-A6WO,0.6230502599653379,-0.010559662090813094,0.0,0.5315666406858924,-0.01486988847583643,0.0,0.5553648068669528,0.0,0.0
TCGA-S9-A6WP,0.0,-0.022175290390707498,0.0,0.004676539360872954,-0.0055762081784386614,0.0,0.0,0.0,0.0
TCGA-S9-A6WQ,0.010398613518197574,-0.2122492080253432,0.0,0.003897116134060795,-0.1979553903345725,0.0,0.0008583690987124463,-0.1833839918946302,0.0
TCGA-S9-A7IQ,1.0,-0.009503695881731784,1.0,0.9984411535463756,-0.01486988847583643,1.0,0.9991416309012876,0.0,1.0
TCGA-S9-A7IS,0.0,-0.14044350580781415,0.0,0.001558846453624318,-0.12732342007434944,-1.0,0.0,-0.11854103343465046,0.0
TCGA-S9-A7IX,0.9965337954939342,-0.9989440337909187,2.0,0.9992205767731879,-1.0,2.0,0.9991416309012876,-1.0,2.0
TCGA-S9-A7IY,0.0,-0.006335797254487857,0.0,0.0,-0.004646840148698885,0.0,0.0,0.0,0.0
TCGA-S9-A7IZ,0.9904679376083189,0.0,1.0,0.9929851909586905,-0.0009293680297397769,1.0,0.992274678111588,-0.0010131712259371835,1.0
TCGA-S9-A7J0,0.7053726169844021,-0.7666314677930306,0.0,0.6936866718628215,-0.6905204460966543,0.0,0.9158798283261803,-0.7426545086119554,1.0
TCGA-S9-A7J1,0.00779896013864818,-0.0010559662090813093,0.0,0.00779423226812159,-0.0009293680297397769,0.0,0.0,0.0,0.0
TCGA-S9-A7J2,0.0017331022530329288,-0.014783526927138331,0.0,0.0,-0.007434944237918215,0.0,0.0,0.0,0.0
TCGA-S9-A7J3,0.0,-0.01795142555438226,0.0,0.043647700701480906,-0.0037174721189591076,0.0,0.0,0.0,0.0
TCGA-S9-A7QW,0.6230502599653379,-0.044350580781414996,0.0,0.6165237724084178,-0.03717472118959108,0.0,0.6300429184549357,-0.030395136778115502,0.0
TCGA-S9-A7QX,0.25216637781629114,-0.4720168954593453,0.0,0.24318004676539362,-0.4656133828996282,0.0,0.24721030042918454,-0.4316109422492401,0.0
TCGA-S9-A7QY,0.5433275563258232,0.0,0.0,0.5385814497272019,-0.06412639405204461,0.0,0.5545064377682404,0.0,0.0
TCGA-S9-A7QZ,0.0008665511265164644,-0.014783526927138331,0.0,0.000779423226812159,-0.007434944237918215,0.0,0.0,0.0,0.0
TCGA-S9-A7R1,0.34488734835355284,-0.009503695881731784,0.0,0.33982852689010135,-0.0037174721189591076,0.0,0.3536480686695279,0.0,0.0
TCGA-S9-A7R2,0.9956672443674177,-0.9978880675818373,1.0,0.9976617303195635,-0.9990706319702602,1.0,0.9974248927038627,-1.0,1.0
TCGA-S9-A7R3,0.0017331022530329288,-0.14149947201689547,0.0,0.0,-0.12639405204460966,0.0,0.0,-0.11752786220871327,0.0
TCGA-S9-A7R4,0.0025996533795493936,-0.007391763463569166,0.0,0.000779423226812159,-0.0027881040892193307,0.0,0.0,-0.0010131712259371835,0.0
TCGA-S9-A7R7,0.01386481802426343,-0.0010559662090813093,0.0,0.00857365549493375,-0.0009293680297397769,0.0,0.0,0.0,0.0
TCGA-S9-A7R8,0.0017331022530329288,0.0,0.0,0.0,0.0,0.0,0.0,0.0,0.0
TCGA-S9-A89V,0.0008665511265164644,-0.2375923970432946,0.0,0.002338269680436477,-0.25092936802973975,0.0,0.0008583690987124463,-0.24518743667679838,0.0
TCGA-S9-A89Z,0.004332755632582322,-0.6884899683210137,0.0,0.16289945440374123,-0.6524163568773235,0.0,0.005150214592274678,-0.7629179331306991,0.0
TCGA-TM-A7C3,0.9974003466204506,-0.9915522703273495,2.0,0.9984411535463756,-0.9888475836431226,2.0,0.9991416309012876,-0.9979736575481256,2.0
TCGA-TM-A7C4,0.5346620450606586,-0.006335797254487857,0.0,0.524551831644583,-0.007434944237918215,0.0,0.542489270386266,0.0,0.0
TCGA-TM-A7C5,0.00779896013864818,0.0,0.0,0.010132501948558068,-0.0009293680297397769,0.0,0.0017167381974248926,0.0,0.0
TCGA-TM-A7CA,0.854419410745234,0.0,0.0,0.8885424785658612,0.0,1.0,0.9991416309012876,0.0,1.0
TCGA-TM-A7CF,0.006065857885615251,-0.013727560718057022,0.0,0.010132501948558068,-0.1970260223048327,0.0,0.0008583690987124463,-0.13779128672745694,0.0
TCGA-TM-A84B,0.9991334488734835,-1.0,1.0,0.9992205767731879,-1.0,1.0,0.9991416309012876,-1.0,1.0
TCGA-TM-A84C,0.0,-0.0010559662090813093,0.0,0.003117692907248636,-0.0018587360594795538,0.0,0.0,0.0,0.0
TCGA-TM-A84F,0.0,-0.010559662090813094,0.0,0.0,-0.0018587360594795538,0.0,0.0,0.0,0.0
TCGA-TM-A84G,0.0008665511265164644,-0.005279831045406547,0.0,0.0,0.0,0.0,0.017167381974248927,0.0,0.0
TCGA-TM-A84H,0.9419410745233969,-0.03484688489968321,1.0,0.9431021044427124,-0.03717472118959108,1.0,0.9502145922746781,0.0,1.0
TCGA-TM-A84I,0.010398613518197574,-0.9989440337909187,0.0,0.05222135619641465,-0.9990706319702602,1.0,0.0034334763948497852,-1.0,0.0
TCGA-TM-A84J,0.006932409012131715,-0.9683210137275607,0.0,0.007014809041309431,-0.9711895910780669,0.0,0.0,-0.9766970618034447,0.0
TCGA-TM-A84L,0.16464471403812825,0.0,0.0,0.1652377240841777,-0.0009293680297397769,0.0,0.1570815450643777,0.0,0.0
TCGA-TM-A84M,0.9844020797227037,-0.011615628299894404,1.0,0.9937646141855028,-0.015799256505576207,1.0,0.9991416309012876,0.0,1.0
TCGA-TM-A84O,0.009532062391681109,-0.01583949313621964,0.0,0.007014809041309431,-0.007434944237918215,0.0,0.0,0.0,0.0
TCGA-TM-A84Q,0.026863084922010397,-0.0021119324181626186,0.0,0.12003117692907249,-0.18401486988847585,0.0,0.0008583690987124463,0.0,0.0
TCGA-TM-A84R,0.00779896013864818,0.0,0.0,0.002338269680436477,0.0,0.0,0.0,0.0,0.0
TCGA-TM-A84S,0.0,-0.005279831045406547,0.0,0.0,-0.006505576208178439,0.0,0.0,0.0,0.0
TCGA-TM-A84T,0.00779896013864818,-0.0021119324181626186,0.0,0.001558846453624318,-0.008364312267657992,0.0,0.0,0.0,0.0
TCGA-TQ-A7RF,0.0,-0.21013727560718057,0.0,0.003897116134060795,-0.1895910780669145,0.0,0.0,-0.17933130699088146,0.0
TCGA-TQ-A7RG,0.005199306759098787,0.0,0.0,0.000779423226812159,0.0,0.0,0.0,0.0,0.0
TCGA-TQ-A7RH,0.9480069324090121,0.0,1.0,0.9493374902572097,-0.00929368029739777,1.0,1.0,0.0,1.0
TCGA-TQ-A7RI,0.9991334488734835,-0.0010559662090813093,1.0,0.9984411535463756,-0.0009293680297397769,1.0,0.9991416309012876,0.0,1.0
TCGA-TQ-A7RJ,0.5424610051993067,-0.048574445617740235,0.0,0.6375681995323461,-0.17472118959107807,1.0,0.0008583690987124463,-0.16312056737588654,0.0
TCGA-TQ-A7RK,0.0,-0.005279831045406547,0.0,0.0,-0.0037174721189591076,0.0,0.0,0.0,0.0
TCGA-TQ-A7RM,0.6551126516464472,-0.996832101372756,0.0,0.6531566640685893,-0.9972118959107806,0.0,0.6618025751072961,-1.0,0.0
TCGA-TQ-A7RN,0.08665511265164645,-0.0010559662090813093,0.0,0.10132501948558068,-0.0055762081784386614,0.0,0.0,0.0,0.0
TCGA-TQ-A7RO,0.010398613518197574,-0.005279831045406547,0.0,0.002338269680436477,-0.0009293680297397769,0.0,0.0,0.0,0.0
TCGA-TQ-A7RP,0.9956672443674177,-1.0,1.0,1.0,-1.0,1.0,0.9991416309012876,-1.0,1.0
TCGA-TQ-A7RQ,0.009532062391681109,-0.0010559662090813093,0.0,0.0,0.0,0.0,0.0008583690987124463,0.0,0.0
TCGA-TQ-A7RR,0.0034662045060658577,-0.26399155227032733,0.0,0.000779423226812159,-0.2425650557620818,0.0,0.0,-0.23505572441742653,0.0
TCGA-TQ-A7RS,0.00779896013864818,-0.025343189017951427,0.0,0.05455962587685113,-0.01858736059479554,0.0,0.0,0.0,0.0
TCGA-TQ-A7RU,0.0017331022530329288,-0.008447729672650475,0.0,0.0,-0.0055762081784386614,0.0,0.0,0.0,0.0
TCGA-TQ-A7RV,0.12824956672443674,-0.014783526927138331,0.0,0.1480904130943102,0.0,0.0,0.0,0.0,0.0
TCGA-TQ-A7RW,0.4714038128249567,-0.0010559662090813093,0.0,0.568978955572876,-0.0009293680297397769,0.0,0.022317596566523604,0.0,0.0
TCGA-TQ-A8XE,0.0017331022530329288,-0.01583949313621964,0.0,0.003117692907248636,-0.0009293680297397769,0.0,0.0008583690987124463,0.0,0.0
TCGA-VM-A8C8,0.022530329289428077,-0.0010559662090813093,0.0,0.02338269680436477,-0.0009293680297397769,0.0,0.02575107296137339,0.0,0.0
TCGA-VM-A8C9,0.0,-0.0021119324181626186,0.0,0.0,-0.004646840148698885,0.0,0.0,0.0,0.0
TCGA-VM-A8CA,0.00779896013864818,-0.022175290390707498,0.0,0.00857365549493375,-0.0009293680297397769,0.0,0.0008583690987124463,0.0,0.0
TCGA-VM-A8CB,0.0,-0.007391763463569166,0.0,0.003897116134060795,-0.019516728624535316,0.0,0.0,0.0,0.0
TCGA-VM-A8CD,0.008665511265164644,-1.0,0.0,0.010132501948558068,-1.0,0.0,0.0,-1.0,0.0
TCGA-VM-A8CE,0.006932409012131715,-0.01689545934530095,0.0,0.009353078721745909,-0.0055762081784386614,0.0,0.0,0.0,0.0
TCGA-VM-A8CF,0.16031195840554593,-0.025343189017951427,0.0,0.18706157443491817,-0.006505576208178439,0.0,0.1742489270386266,0.0,0.0
TCGA-VM-A8CH,0.004332755632582322,-0.0010559662090813093,0.0,0.0,-0.0018587360594795538,0.0,0.0,0.0,0.0
TCGA-VV-A829,0.0,0.0,0.0,0.0,-0.023234200743494422,0.0,0.0,0.0,0.0
TCGA-VV-A86M,0.0,-0.0010559662090813093,0.0,0.0,0.0,0.0,0.0,0.0,0.0
TCGA-VW-A7QS,0.46013864818024264,-0.004223864836325237,0.0,0.4528448947778644,-0.0037174721189591076,0.0,0.4669527896995708,0.0,0.0
TCGA-VW-A8FI,0.9974003466204506,-1.0,2.0,1.0,-1.0,2.0,0.9991416309012876,-0.9989868287740629,1.0
TCGA-W9-A837,0.0017331022530329288,-0.028511087645195353,0.0,0.003897116134060795,-0.013940520446096654,0.0,0.0,0.0,0.0
TCGA-WH-A86K,0.004332755632582322,-0.059134107708553325,0.0,0.004676539360872954,-0.05204460966542751,0.0,0.002575107296137339,-0.044579533941236066,0.0
TCGA-WY-A858,0.0,0.0,0.0,0.000779423226812159,-0.03903345724907063,0.0,0.0,0.0,0.0
TCGA-WY-A859,0.0,-0.0021119324181626186,0.0,0.009353078721745909,-0.0018587360594795538,0.0,0.0,0.0,0.0
TCGA-WY-A85A,0.0025996533795493936,-0.0021119324181626186,0.0,0.003897116134060795,-0.0037174721189591076,0.0,0.0,-0.002026342451874367,0.0
TCGA-WY-A85B,0.07452339688041594,-0.0010559662090813093,0.0,0.06780982073265783,-0.0009293680297397769,0.0,0.0,0.0,0.0
TCGA-WY-A85C,0.008665511265164644,-0.0031678986272439284,0.0,0.018706157443491817,-0.041821561338289966,0.0,0.0,0.0,0.0
TCGA-WY-A85D,0.0017331022530329288,-0.4677930306230201,0.0,0.0,-0.4340148698884758,0.0,0.0,-0.42451874366767983,0.0
TCGA-WY-A85E,0.9965337954939342,-0.02006335797254488,1.0,0.9992205767731879,-0.026022304832713755,1.0,0.9982832618025751,0.0,1.0
